--Row 1
INSERT INTO PHONGBAN (MAPB, TENPB) VALUES ('PB0001',N'Phòng kế toán');
--Row 2
INSERT INTO PHONGBAN (MAPB, TENPB) VALUES ('PB0002',N'Phòng kinh doanh');
--Row 3
INSERT INTO PHONGBAN (MAPB, TENPB) VALUES ('PB0003',N'Phòng chăm sóc khách hàng');
--Row 4
INSERT INTO PHONGBAN (MAPB, TENPB) VALUES ('PB0004',N'Phòng kiểm toán');
--Row 5
INSERT INTO PHONGBAN (MAPB, TENPB) VALUES ('PB0005',N'Phòng nhân sự');
--Row 6
INSERT INTO PHONGBAN (MAPB, TENPB) VALUES ('PB0006',N'Phòng công nghệ thông tin');
--Row 7
INSERT INTO PHONGBAN (MAPB, TENPB) VALUES ('PB0007',N'Phòng hành chính');
--Row 8
INSERT INTO PHONGBAN (MAPB, TENPB) VALUES ('PB0008',N'Phòng marketing');
/

INSERT INTO NHANVIEN (MANV, TENNV, PHAI, NGAYSINH, DIACHI, SODT, LUONG, PHUCAP, VAITRO, PHG) 
VALUES ('NV0062', N'Nguyễn Thị Kim', N'Nữ', to_date('07/27/1991', 'MM/DD/RRRR'), N'Nghĩa Thọ, Nghĩa Đàn, Nghệ An,E1Q5', '09346524587', '5860000', '925500', N'Nhân viên', 'PB0005');

INSERT INTO NHANVIEN (MANV, TENNV, PHAI, NGAYSINH, DIACHI, SODT, LUONG, PHUCAP, VAITRO, PHG) 
VALUES ('NV0238', N'Nguyễn Khế', N'Nữ', to_date('02/09/1998', 'MM/DD/RRRR'), N'Phước Vĩnh An, Củ Chi, Hồ Chí Minh,FRJURH', '08482909242', '39510000', '127200', N'Nhân viên', 'PB0003');

INSERT INTO NHANVIEN (MANV, TENNV, PHAI, NGAYSINH, DIACHI, SODT, LUONG, PHUCAP, VAITRO, PHG) 
VALUES ('NV0243', N'Nguyễn Thị Thu Nguyệt', N'Nữ', to_date('08/17/1998', 'MM/DD/RRRR'), N'Tự Lạn, Việt Yên, Bắc Giang,1T', '09368493075', '97524000', '331000', N'Nhân viên', 'PB0005');

INSERT INTO NHANVIEN (MANV, TENNV, PHAI, NGAYSINH, DIACHI, SODT, LUONG, PHUCAP, VAITRO, PHG) 
VALUES ('NV0244', N'Nguyễn Văn Úc', N'Nữ', to_date('04/02/1964', 'MM/DD/RRRR'), N'Phú Diên, Phú Vang, Thừa Thiên Huế,YWKGH', '09715951632', '54700000', '673600', N'Nhân viên', 'PB0006');

INSERT INTO NHANVIEN (MANV, TENNV, PHAI, NGAYSINH, DIACHI, SODT, LUONG, PHUCAP, VAITRO, PHG) 
VALUES ('NV0335', N'Nguyễn Thị Kim Túc', N'Nam', to_date('06/18/2001', 'MM/DD/RRRR'), N'Chiềng Ban, Mai Sơn, Sơn La,ZS53D', '08647749313', '1114000', '311700', N'Nhân viên', 'PB0006');

INSERT INTO NHANVIEN (MANV, TENNV, PHAI, NGAYSINH, DIACHI, SODT, LUONG, PHUCAP, VAITRO, PHG) 
VALUES ('NV0351', N'Nguyễn Việt Cường', N'Nam', to_date('10/22/1957', 'MM/DD/RRRR'), N'Du Già, Yên Minh, Hà Giang,G240', '09832964184', '4770000', '787300', N'Nhân viên', 'PB0006');

INSERT INTO NHANVIEN (MANV, TENNV, PHAI, NGAYSINH, DIACHI, SODT, LUONG, PHUCAP, VAITRO, PHG) 
VALUES ('NV0417', N'Nguyễn Thị Dỗ', N'Nam', to_date('07/08/1997', 'MM/DD/RRRR'), N'Điền Trung, Bá Thước, Thanh Hóa,R', '08456294412', '86474000', '822700', N'Nhân viên', 'PB0002');

INSERT INTO NHANVIEN (MANV, TENNV, PHAI, NGAYSINH, DIACHI, SODT, LUONG, PHUCAP, VAITRO, PHG) 
VALUES ('NV0430', N'Nguyễn Thị Phê', N'Nữ', to_date('07/27/1968', 'MM/DD/RRRR'), N'Bình Thành, Phụng Hiệp, Hậu Giang', '08743076227', '99875000', '453200', N'Nhân viên', 'PB0006');

INSERT INTO NHANVIEN (MANV, TENNV, PHAI, NGAYSINH, DIACHI, SODT, LUONG, PHUCAP, VAITRO, PHG) 
VALUES ('NV0523', N'Nguyễn Anh Thi', N'Nam', to_date('09/25/1987', 'MM/DD/RRRR'), N'Trí Lực, Thới Bình, Cà Mau,2I', '08519621173', '64556000', '190100', N'Nhân viên', 'PB0005');

INSERT INTO NHANVIEN (MANV, TENNV, PHAI, NGAYSINH, DIACHI, SODT, LUONG, PHUCAP, VAITRO, PHG) 
VALUES ('NV0568', N'Nguyễn Đức Việt', N'Nữ', to_date('04/19/1966', 'MM/DD/RRRR'), N'Mỹ Hạnh Trung, Cai Lậy, Tiền Giang,20ND', '09720472997', '8994000', '906700', N'Nhân viên', 'PB0003');

INSERT INTO NHANVIEN (MANV, TENNV, PHAI, NGAYSINH, DIACHI, SODT, LUONG, PHUCAP, VAITRO, PHG) 
VALUES ('NV0600', N'Nguyễn Văn Tuấn', N'Nam', to_date('11/17/1975', 'MM/DD/RRRR'), N'Nga Thạch, Nga Sơn, Thanh Hóa,Q3TU9', '09152160831', '5771000', '924100', N'Nhân viên', 'PB0005');

INSERT INTO NHANVIEN (MANV, TENNV, PHAI, NGAYSINH, DIACHI, SODT, LUONG, PHUCAP, VAITRO, PHG) 
VALUES ('NV0610', N'Nguyễn Thị Bích Trâm', N'Nam', to_date('06/07/1954', 'MM/DD/RRRR'), N'Vĩnh Lại, Lâm Thao, Phú Thọ,F3O', '09967770797', '8985000', '667400', N'Nhân viên', 'PB0002');

INSERT INTO NHANVIEN (MANV, TENNV, PHAI, NGAYSINH, DIACHI, SODT, LUONG, PHUCAP, VAITRO, PHG) 
VALUES ('NV0680', N'Nguyễn Trí Hội', N'Nữ', to_date('08/27/1979', 'MM/DD/RRRR'), N'Quảng Đông, Thanh Hóa, Thanh Hóa,SRQ', '03044138075', '2058000', '347100', N'Nhân viên', 'PB0006');

INSERT INTO NHANVIEN (MANV, TENNV, PHAI, NGAYSINH, DIACHI, SODT, LUONG, PHUCAP, VAITRO, PHG) 
VALUES ('NV0766', N'Nguyễn Thị Ly', N'Nam', to_date('09/08/1966', 'MM/DD/RRRR'), N'Gia Thịnh, Gia Viễn, Ninh Bình,JUL2I', '09778356430', '61729000', '317300', N'Nhân viên', 'PB0007');

INSERT INTO NHANVIEN (MANV, TENNV, PHAI, NGAYSINH, DIACHI, SODT, LUONG, PHUCAP, VAITRO, PHG) 
VALUES ('NV0791', N'Nguyễn Đức Biên', N'Nữ', to_date('02/08/1972', 'MM/DD/RRRR'), N'Đạm Bri, Bảo Lộc, Lâm Đồng,Y1EA0', '03588300897', '9252000', '924600', N'Nhân viên', 'PB0008');

INSERT INTO NHANVIEN (MANV, TENNV, PHAI, NGAYSINH, DIACHI, SODT, LUONG, PHUCAP, VAITRO, PHG) 
VALUES ('NV0793', N'Nguyễn Văn Mức', N'Nữ', to_date('08/12/1990', 'MM/DD/RRRR'), N'Lâm Sơn, Ninh Sơn, Ninh Thuận,931W', '03217643824', '75945000', '603900', N'Nhân viên', 'PB0001');

INSERT INTO NHANVIEN (MANV, TENNV, PHAI, NGAYSINH, DIACHI, SODT, LUONG, PHUCAP, VAITRO, PHG) 
VALUES ('NV0805', N'Nguyễn Đức Khách', N'Nữ', to_date('12/31/2001', 'MM/DD/RRRR'), N'Mỹ Tân, Mỹ Lộc, Nam Định,D20A9O', '03725480370', '57715000', '799200', N'Nhân viên', 'PB0007');

INSERT INTO NHANVIEN (MANV, TENNV, PHAI, NGAYSINH, DIACHI, SODT, LUONG, PHUCAP, VAITRO, PHG) 
VALUES ('NV0830', N'Nguyễn Văn Thái', N'Nam', to_date('03/07/1974', 'MM/DD/RRRR'), N'Ia Yok, Ia Grai, Gia Lai,C39G', '08072558989', '41678000', '325600', N'Nhân viên', 'PB0003');

INSERT INTO NHANVIEN (MANV, TENNV, PHAI, NGAYSINH, DIACHI, SODT, LUONG, PHUCAP, VAITRO, PHG) 
VALUES ('NV0884', N'Nguyễn Thị Mai Thủy', N'Nam', to_date('01/27/1996', 'MM/DD/RRRR'), N'Vân Hòa, Ba Vì, Hà Nội', '09573548930', '44355000', '832500', N'Nhân viên', 'PB0008');

INSERT INTO NHANVIEN (MANV, TENNV, PHAI, NGAYSINH, DIACHI, SODT, LUONG, PHUCAP, VAITRO, PHG) 
VALUES ('NV0965', N'Nguyễn Thị Phát', N'Nữ', to_date('08/11/1982', 'MM/DD/RRRR'), N'Bình Thạnh, Thủ Thừa, Long An', '03510389305', '2601000', '699900', N'Nhân viên', 'PB0007');

INSERT INTO NHANVIEN (MANV, TENNV, PHAI, NGAYSINH, DIACHI, SODT, LUONG, PHUCAP, VAITRO, PHG) 
VALUES ('NV1037', N'Nguyễn Ô', N'Nữ', to_date('07/21/1979', 'MM/DD/RRRR'), N'Cẩm Trung, Cẩm Phả, Quảng Ninh,B', '08170396284', '54228000', '262500', N'Nhân viên', 'PB0002');

INSERT INTO NHANVIEN (MANV, TENNV, PHAI, NGAYSINH, DIACHI, SODT, LUONG, PHUCAP, VAITRO, PHG) 
VALUES ('NV1038', N'Nguyễn Đức Tiếu', N'Nam', to_date('10/23/1968', 'MM/DD/RRRR'), N'Hiệp Phú, Quận 9, Hồ Chí Minh', '03372929573', '6392000', '584400', N'Nhân viên', 'PB0004');

INSERT INTO NHANVIEN (MANV, TENNV, PHAI, NGAYSINH, DIACHI, SODT, LUONG, PHUCAP, VAITRO, PHG) 
VALUES ('NV1114', N'Nguyễn Đức Thắng', N'Nữ', to_date('04/19/1995', 'MM/DD/RRRR'), N'Ma Nới, Ninh Sơn, Ninh Thuận,X5QA05', '08268115085', '78821000', '735400', N'Nhân viên', 'PB0004');

INSERT INTO NHANVIEN (MANV, TENNV, PHAI, NGAYSINH, DIACHI, SODT, LUONG, PHUCAP, VAITRO, PHG) 
VALUES ('NV1115', N'Nguyễn Thị Lan', N'Nữ', to_date('03/14/1966', 'MM/DD/RRRR'), N'Hữu Văn, Chương Mỹ, Hà Nội', '08354725251', '7468000', '460300', N'Nhân viên', 'PB0006');

INSERT INTO NHANVIEN (MANV, TENNV, PHAI, NGAYSINH, DIACHI, SODT, LUONG, PHUCAP, VAITRO, PHG) 
VALUES ('NV1167', N'Nguyễn Thị Huyễn', N'Nam', to_date('09/06/2000', 'MM/DD/RRRR'), N'Hải Tân, Hải Dương, Hải Dương,O', '08693180155', '1901000', '248800', N'Nhân viên', 'PB0004');

INSERT INTO NHANVIEN (MANV, TENNV, PHAI, NGAYSINH, DIACHI, SODT, LUONG, PHUCAP, VAITRO, PHG) 
VALUES ('NV1169', N'Nguyễn Đức Tỉnh', N'Nam', to_date('09/12/1998', 'MM/DD/RRRR'), N'Hùng An, Kim Động, Hưng Yên,UJ962K', '08398593437', '72251000', '452700', N'Nhân viên', 'PB0007');

INSERT INTO NHANVIEN (MANV, TENNV, PHAI, NGAYSINH, DIACHI, SODT, LUONG, PHUCAP, VAITRO, PHG) 
VALUES ('NV1198', N'Nguyễn Thị Suối', N'Nam', to_date('11/04/1981', 'MM/DD/RRRR'), N'Cầu Bà, Khánh Vĩnh, Khánh Hòa,G1Q', '08406557224', '6815000', '752400', N'Nhân viên', 'PB0003');

INSERT INTO NHANVIEN (MANV, TENNV, PHAI, NGAYSINH, DIACHI, SODT, LUONG, PHUCAP, VAITRO, PHG) 
VALUES ('NV1222', N'Nguyễn Thị Sinh Tấm', N'Nữ', to_date('10/17/1969', 'MM/DD/RRRR'), N'Thuận Thới, Trà Ôn, Vĩnh Long', '09751233426', '17737000', '990900', N'Nhân viên', 'PB0002');

INSERT INTO NHANVIEN (MANV, TENNV, PHAI, NGAYSINH, DIACHI, SODT, LUONG, PHUCAP, VAITRO, PHG) 
VALUES ('NV1230', N'Nguyễn Đức Phổ', N'Nam', to_date('05/13/1962', 'MM/DD/RRRR'), N'Quế Phong, Quế Sơn, Quảng Nam,8I37CQ', '09442233651', '2729000', '246700', N'Nhân viên', 'PB0003');

INSERT INTO NHANVIEN (MANV, TENNV, PHAI, NGAYSINH, DIACHI, SODT, LUONG, PHUCAP, VAITRO, PHG) 
VALUES ('NV1350', N'Nguyễn Thị Thị', N'Nữ', to_date('12/22/1969', 'MM/DD/RRRR'), N'Tây Yên A, An Biên, Kiên Giang,XKBM', '03289411596', '65721000', '174900', N'Nhân viên', 'PB0004');

INSERT INTO NHANVIEN (MANV, TENNV, PHAI, NGAYSINH, DIACHI, SODT, LUONG, PHUCAP, VAITRO, PHG) 
VALUES ('NV1358', N'Nguyễn Đức Thái', N'Nam', to_date('11/02/1972', 'MM/DD/RRRR'), N'Cam An Nam, Cam Lâm, Khánh Hòa,RFK4', '08774412403', '2874000', '770900', N'Nhân viên', 'PB0008');

INSERT INTO NHANVIEN (MANV, TENNV, PHAI, NGAYSINH, DIACHI, SODT, LUONG, PHUCAP, VAITRO, PHG) 
VALUES ('NV1372', N'Nguyễn Hoàng', N'Nữ', to_date('11/17/1993', 'MM/DD/RRRR'), N'Sa Loong, Ngọc Hồi, Kon Tum,HHTL', '03557802511', '10778000', '437500', N'Nhân viên', 'PB0007');

INSERT INTO NHANVIEN (MANV, TENNV, PHAI, NGAYSINH, DIACHI, SODT, LUONG, PHUCAP, VAITRO, PHG) 
VALUES ('NV1373', N'Nguyễn Thị Luyện', N'Nam', to_date('08/16/1955', 'MM/DD/RRRR'), N'Nhơn Châu, Qui Nhơn, Bình Định,ZP8', '03564169468', '3237000', '653400', N'Nhân viên', 'PB0005');

INSERT INTO NHANVIEN (MANV, TENNV, PHAI, NGAYSINH, DIACHI, SODT, LUONG, PHUCAP, VAITRO, PHG) 
VALUES ('NV1393', N'Nguyễn Thị Minh Thiện', N'Nữ', to_date('02/20/2000', 'MM/DD/RRRR'), N'Phường 07, Gò Vấp, Hồ Chí Minh,0ECJ', '09240458276', '7633000', '601900', N'Nhân viên', 'PB0008');

INSERT INTO NHANVIEN (MANV, TENNV, PHAI, NGAYSINH, DIACHI, SODT, LUONG, PHUCAP, VAITRO, PHG) 
VALUES ('NV1420', N'Nguyễn Đức Tẩn', N'Nam', to_date('01/12/1975', 'MM/DD/RRRR'), N'Pú Nhung, Tuần Giáo, Điện Biên,3', '08612005279', '5283000', '871500', N'Nhân viên', 'PB0001');

INSERT INTO NHANVIEN (MANV, TENNV, PHAI, NGAYSINH, DIACHI, SODT, LUONG, PHUCAP, VAITRO, PHG) 
VALUES ('NV1442', N'Nguyễn Thế Tuyên', N'Nam', to_date('10/05/1970', 'MM/DD/RRRR'), N'Tân Hòa, Biên Hòa, Đồng Nai,0ZWLU', '09965294407', '48735000', '731800', N'Nhân viên', 'PB0006');

INSERT INTO NHANVIEN (MANV, TENNV, PHAI, NGAYSINH, DIACHI, SODT, LUONG, PHUCAP, VAITRO, PHG) 
VALUES ('NV1468', N'Nguyễn Thị Mi', N'Nam', to_date('01/13/1960', 'MM/DD/RRRR'), N'Định Mỹ, Thoại Sơn, An Giang', '09795260183', '33069000', '201100', N'Nhân viên', 'PB0005');

INSERT INTO NHANVIEN (MANV, TENNV, PHAI, NGAYSINH, DIACHI, SODT, LUONG, PHUCAP, VAITRO, PHG) 
VALUES ('NV1524', N'Nguyễn Đức Thắng', N'Nam', to_date('12/25/1974', 'MM/DD/RRRR'), N'Đoọc Mạy, Kỳ Sơn, Nghệ An,UN', '09975438165', '59691000', '255000', N'Nhân viên', 'PB0008');

INSERT INTO NHANVIEN (MANV, TENNV, PHAI, NGAYSINH, DIACHI, SODT, LUONG, PHUCAP, VAITRO, PHG) 
VALUES ('NV1561', N'Nguyễn Thị Luyến', N'Nữ', to_date('08/09/1957', 'MM/DD/RRRR'), N'Hoàng Văn Thụ, Chương Mỹ, Hà Nội,4P33A', '08676044746', '14136000', '721400', N'Nhân viên', 'PB0008');

INSERT INTO NHANVIEN (MANV, TENNV, PHAI, NGAYSINH, DIACHI, SODT, LUONG, PHUCAP, VAITRO, PHG) 
VALUES ('NV1603', N'Nguyễn Tề', N'Nữ', to_date('08/24/1970', 'MM/DD/RRRR'), N'Thái Nguyên, Thái Thụy, Thái Bình,RVN0', '03205477353', '82034000', '453700', N'Nhân viên', 'PB0007');

INSERT INTO NHANVIEN (MANV, TENNV, PHAI, NGAYSINH, DIACHI, SODT, LUONG, PHUCAP, VAITRO, PHG) 
VALUES ('NV1612', N'Nguyễn Thị Hán', N'Nữ', to_date('06/14/1958', 'MM/DD/RRRR'), N'Hưng Thành, Tuyên Quang, Tuyên Quang,UGYFO0', '03300557218', '4951000', '541600', N'Nhân viên', 'PB0003');

INSERT INTO NHANVIEN (MANV, TENNV, PHAI, NGAYSINH, DIACHI, SODT, LUONG, PHUCAP, VAITRO, PHG) 
VALUES ('NV1660', N'Nguyễn Thị Biểu', N'Nữ', to_date('10/02/1980', 'MM/DD/RRRR'), N'Đồng Du, Bình Lục, Hà Nam,6', '08204461205', '89332000', '624800', N'Nhân viên', 'PB0007');

INSERT INTO NHANVIEN (MANV, TENNV, PHAI, NGAYSINH, DIACHI, SODT, LUONG, PHUCAP, VAITRO, PHG) 
VALUES ('NV1705', N'Nguyễn Đức Phúc', N'Nữ', to_date('12/23/1974', 'MM/DD/RRRR'), N'Bảo Yên, Thanh Thuỷ, Phú Thọ,I', '08387512197', '1609000', '619000', N'Nhân viên', 'PB0004');

INSERT INTO NHANVIEN (MANV, TENNV, PHAI, NGAYSINH, DIACHI, SODT, LUONG, PHUCAP, VAITRO, PHG) 
VALUES ('NV1775', N'Nguyễn Đức Tẩn', N'Nam', to_date('03/07/1953', 'MM/DD/RRRR'), N'Đất Mới, Năm Căn, Cà Mau,3IK2', '03548139276', '36597000', '794200', N'Nhân viên', 'PB0007');

INSERT INTO NHANVIEN (MANV, TENNV, PHAI, NGAYSINH, DIACHI, SODT, LUONG, PHUCAP, VAITRO, PHG) 
VALUES ('NV1810', N'Nguyễn Thị Mi', N'Nam', to_date('12/06/1993', 'MM/DD/RRRR'), N'Long Bình, Ngã Năm, Sóc Trăng', '03843495795', '4533000', '559200', N'Nhân viên', 'PB0001');

INSERT INTO NHANVIEN (MANV, TENNV, PHAI, NGAYSINH, DIACHI, SODT, LUONG, PHUCAP, VAITRO, PHG) 
VALUES ('NV1814', N'Nguyễn Thi', N'Nam', to_date('08/30/1977', 'MM/DD/RRRR'), N'Bình Minh, Tĩnh Gia, Thanh Hóa,T', '09511053209', '74750000', '244300', N'Nhân viên', 'PB0006');

INSERT INTO NHANVIEN (MANV, TENNV, PHAI, NGAYSINH, DIACHI, SODT, LUONG, PHUCAP, VAITRO, PHG) 
VALUES ('NV1826', N'Nguyễn Đình Luân', N'Nam', to_date('10/23/1973', 'MM/DD/RRRR'), N'Cẩm Hà, Cẩm Xuyên, Hà Tĩnh', '03300718350', '8649000', NULL, N'Nhân viên', 'PB0007');

INSERT INTO NHANVIEN (MANV, TENNV, PHAI, NGAYSINH, DIACHI, SODT, LUONG, PHUCAP, VAITRO, PHG) 
VALUES ('NV1877', N'Nguyễn Thị Tam', N'Nam', to_date('04/09/1981', 'MM/DD/RRRR'), N'Thành Công, Gò Công Tây, Tiền Giang,XYLW6', '08012536533', '4778000', '748400', N'Nhân viên', 'PB0008');

INSERT INTO NHANVIEN (MANV, TENNV, PHAI, NGAYSINH, DIACHI, SODT, LUONG, PHUCAP, VAITRO, PHG) 
VALUES ('NV1906', N'Nguyễn Minh Hiền', N'Nam', to_date('10/02/1966', 'MM/DD/RRRR'), N'Minh Tiến, Phù Cừ, Hưng Yên,KA6XI', '03221154199', '4992000', '894800', N'Nhân viên', 'PB0008');

INSERT INTO NHANVIEN (MANV, TENNV, PHAI, NGAYSINH, DIACHI, SODT, LUONG, PHUCAP, VAITRO, PHG) 
VALUES ('NV1908', N'Nguyễn Vinh', N'Nam', to_date('02/21/1977', 'MM/DD/RRRR'), N'Nặm Lịch, Mường Ảng, Điện Biên,VG', '09306170856', '26115000', '674300', N'Nhân viên', 'PB0002');

INSERT INTO NHANVIEN (MANV, TENNV, PHAI, NGAYSINH, DIACHI, SODT, LUONG, PHUCAP, VAITRO, PHG) 
VALUES ('NV1961', N'Nguyễn Đức Giáo Hoàng', N'Nữ', to_date('12/26/1963', 'MM/DD/RRRR'), N'An Bình, Buôn Hồ, Đắk Lắk,C', '08046002382', '2238000', '432300', N'Nhân viên', 'PB0005');

INSERT INTO NHANVIEN (MANV, TENNV, PHAI, NGAYSINH, DIACHI, SODT, LUONG, PHUCAP, VAITRO, PHG) 
VALUES ('NV1967', N'Nguyễn Thị Phỉ', N'Nữ', to_date('01/27/1955', 'MM/DD/RRRR'), N'Thới Thuận, Thốt Nốt, Cần Thơ', '03877349485', '38932000', '231600', N'Nhân viên', 'PB0006');

INSERT INTO NHANVIEN (MANV, TENNV, PHAI, NGAYSINH, DIACHI, SODT, LUONG, PHUCAP, VAITRO, PHG) 
VALUES ('NV1990', N'Nguyễn Thị Linh', N'Nữ', to_date('10/16/1983', 'MM/DD/RRRR'), N'Hải Khê, Hải Lăng, Quảng Trị,O0RH', '03048101426', '6466000', '345000', N'Nhân viên', 'PB0002');

INSERT INTO NHANVIEN (MANV, TENNV, PHAI, NGAYSINH, DIACHI, SODT, LUONG, PHUCAP, VAITRO, PHG) 
VALUES ('NV2026', N'Nguyễn Thị Đào', N'Nam', to_date('08/29/1972', 'MM/DD/RRRR'), N'Vĩnh Trinh, Vĩnh Thạnh, Cần Thơ,IKENX0', '03591776347', '2421000', '624400', N'Nhân viên', 'PB0006');

INSERT INTO NHANVIEN (MANV, TENNV, PHAI, NGAYSINH, DIACHI, SODT, LUONG, PHUCAP, VAITRO, PHG) 
VALUES ('NV2030', N'Nguyễn Văn Năm', N'Nam', to_date('07/23/1964', 'MM/DD/RRRR'), N'Bình Dương, Phù Mỹ, Bình Định,7580', '08951718790', '62607000', '262400', N'Nhân viên', 'PB0004');

INSERT INTO NHANVIEN (MANV, TENNV, PHAI, NGAYSINH, DIACHI, SODT, LUONG, PHUCAP, VAITRO, PHG) 
VALUES ('NV2040', N'Nguyễn Thị Lan', N'Nữ', to_date('12/28/1991', 'MM/DD/RRRR'), N'Châu Minh, Hiệp Hòa, Bắc Giang,3G8', '09815228272', '49488000', '400600', N'Nhân viên', 'PB0003');

INSERT INTO NHANVIEN (MANV, TENNV, PHAI, NGAYSINH, DIACHI, SODT, LUONG, PHUCAP, VAITRO, PHG) 
VALUES ('NV2054', N'Nguyễn Thị Mến', N'Nam', to_date('09/08/1982', 'MM/DD/RRRR'), N'Tân Lập, Tân Thạnh, Long An,DOIN', '08920580435', '4197000', NULL, N'Nhân viên', 'PB0006');

INSERT INTO NHANVIEN (MANV, TENNV, PHAI, NGAYSINH, DIACHI, SODT, LUONG, PHUCAP, VAITRO, PHG) 
VALUES ('NV2081', N'Nguyễn Thị Thạch', N'Nữ', to_date('05/18/1961', 'MM/DD/RRRR'), N'Vĩnh Châu B, Tân Hưng, Long An,MK78H', '09112660725', '4471000', '485400', N'Nhân viên', 'PB0005');

INSERT INTO NHANVIEN (MANV, TENNV, PHAI, NGAYSINH, DIACHI, SODT, LUONG, PHUCAP, VAITRO, PHG) 
VALUES ('NV2100', N'Nguyễn Thị Đô', N'Nữ', to_date('02/23/1961', 'MM/DD/RRRR'), N'Ngok Wang, Đắk Hà, Kon Tum,MIPA0', '03456869591', '2777000', '374800', N'Nhân viên', 'PB0005');

INSERT INTO NHANVIEN (MANV, TENNV, PHAI, NGAYSINH, DIACHI, SODT, LUONG, PHUCAP, VAITRO, PHG) 
VALUES ('NV2194', N'Nguyễn Anh Khoa', N'Nữ', to_date('12/23/1965', 'MM/DD/RRRR'), N'Tân Hòa, Tân Châu, Tây Ninh,BZC', '03017796273', '1426000', '446600', N'Nhân viên', 'PB0006');

INSERT INTO NHANVIEN (MANV, TENNV, PHAI, NGAYSINH, DIACHI, SODT, LUONG, PHUCAP, VAITRO, PHG) 
VALUES ('NV2210', N'Nguyễn Nhật', N'Nam', to_date('11/19/1982', 'MM/DD/RRRR'), N'Bình Thành, Hương Trà, Thừa Thiên Huế,BONH', '09087983359', '12920000', '271700', N'Nhân viên', 'PB0005');

INSERT INTO NHANVIEN (MANV, TENNV, PHAI, NGAYSINH, DIACHI, SODT, LUONG, PHUCAP, VAITRO, PHG) 
VALUES ('NV2225', N'Nguyễn Đức Toàn', N'Nữ', to_date('03/13/1954', 'MM/DD/RRRR'), N'Đông Kinh, Đông Hưng, Thái Bình,VWQP', '08448342644', '4901000', NULL, N'Nhân viên', 'PB0006');

INSERT INTO NHANVIEN (MANV, TENNV, PHAI, NGAYSINH, DIACHI, SODT, LUONG, PHUCAP, VAITRO, PHG) 
VALUES ('NV2254', N'Nguyễn Văn Thời', N'Nam', to_date('12/25/1993', 'MM/DD/RRRR'), N'Yên Phong, Chợ Đồn, Bắc Kạn,W8DB', '09384934304', '40013000', '117000', N'Nhân viên', 'PB0006');

INSERT INTO NHANVIEN (MANV, TENNV, PHAI, NGAYSINH, DIACHI, SODT, LUONG, PHUCAP, VAITRO, PHG) 
VALUES ('NV2261', N'Nguyễn Văn Thái', N'Nữ', to_date('06/30/1999', 'MM/DD/RRRR'), N'Cảnh Hóa, Quảng Trạch, Quảng Bình,328KK', '08763603123', '22682000', '361300', N'Nhân viên', 'PB0002');

INSERT INTO NHANVIEN (MANV, TENNV, PHAI, NGAYSINH, DIACHI, SODT, LUONG, PHUCAP, VAITRO, PHG) 
VALUES ('NV2292', N'Nguyễn Phương', N'Nữ', to_date('02/22/1991', 'MM/DD/RRRR'), N'Văn Vũ, Na Rì, Bắc Kạn,K', '03954034604', '8502000', '746400', N'Nhân viên', 'PB0007');

INSERT INTO NHANVIEN (MANV, TENNV, PHAI, NGAYSINH, DIACHI, SODT, LUONG, PHUCAP, VAITRO, PHG) 
VALUES ('NV2337', N'Nguyễn Đức', N'Nữ', to_date('10/25/2002', 'MM/DD/RRRR'), N'Thạnh Nhựt, Gò Công Tây, Tiền Giang,G', '08652367212', '3660000', '601800', N'Nhân viên', 'PB0005');

INSERT INTO NHANVIEN (MANV, TENNV, PHAI, NGAYSINH, DIACHI, SODT, LUONG, PHUCAP, VAITRO, PHG) 
VALUES ('NV2368', N'Nguyễn Thị Phê', N'Nam', to_date('03/13/1983', 'MM/DD/RRRR'), N'Tịnh Khê, Quảng Ngãi, Quảng Ngãi,LL503B', '08797593794', '77287000', '380900', N'Nhân viên', 'PB0007');

INSERT INTO NHANVIEN (MANV, TENNV, PHAI, NGAYSINH, DIACHI, SODT, LUONG, PHUCAP, VAITRO, PHG) 
VALUES ('NV2409', N'Nguyễn Đức Quán', N'Nữ', to_date('10/03/1994', 'MM/DD/RRRR'), N'Thạch Lâm, Bảo Lâm, Cao Bằng,77', '09179850339', '9041000', '116700', N'Nhân viên', 'PB0007');

INSERT INTO NHANVIEN (MANV, TENNV, PHAI, NGAYSINH, DIACHI, SODT, LUONG, PHUCAP, VAITRO, PHG) 
VALUES ('NV2480', N'Nguyễn Tề', N'Nam', to_date('08/03/1984', 'MM/DD/RRRR'), N'Cao Nhân, Thuỷ Nguyên, Hải Phòng,QA0', '09734200267', '58568000', '665600', N'Nhân viên', 'PB0005');

INSERT INTO NHANVIEN (MANV, TENNV, PHAI, NGAYSINH, DIACHI, SODT, LUONG, PHUCAP, VAITRO, PHG) 
VALUES ('NV2520', N'Nguyễn Thị Mai Thi', N'Nam', to_date('09/14/1963', 'MM/DD/RRRR'), N'Đại Đình, Tam Đảo, Vĩnh Phúc,O60', '09541298968', '15610000', '171100', N'Nhân viên', 'PB0007');

INSERT INTO NHANVIEN (MANV, TENNV, PHAI, NGAYSINH, DIACHI, SODT, LUONG, PHUCAP, VAITRO, PHG) 
VALUES ('NV2532', N'Nguyễn Thị Ngọc Thi', N'Nữ', NULL, N'Đại Cường, Ứng Hòa, Hà Nội,V58NUJ', '03123022067', '6509000', '406100', N'Nhân viên', 'PB0006');

INSERT INTO NHANVIEN (MANV, TENNV, PHAI, NGAYSINH, DIACHI, SODT, LUONG, PHUCAP, VAITRO, PHG) 
VALUES ('NV2566', N'Nguyễn Hoài Yến Nhi', N'Nữ', to_date('08/26/1990', 'MM/DD/RRRR'), N'Quảng Kim, Quảng Trạch, Quảng Bình,LGW1I3', '08763333143', '6979000', '179200', N'Nhân viên', 'PB0005');

INSERT INTO NHANVIEN (MANV, TENNV, PHAI, NGAYSINH, DIACHI, SODT, LUONG, PHUCAP, VAITRO, PHG) 
VALUES ('NV2584', N'Nguyễn Văn Năm', N'Nam', to_date('10/31/1981', 'MM/DD/RRRR'), N'Mường Bo, Sa Pa, Lào Cai,CM72E', '08559863893', '8225000', '568200', N'Nhân viên', 'PB0007');

INSERT INTO NHANVIEN (MANV, TENNV, PHAI, NGAYSINH, DIACHI, SODT, LUONG, PHUCAP, VAITRO, PHG) 
VALUES ('NV2593', N'Nguyễn Gia Huy', N'Nam', to_date('12/13/2001', 'MM/DD/RRRR'), N'Hàm Đức, Hàm Thuận Bắc, Bình Thuận,FW', '03814511027', '47908000', '433500', N'Nhân viên', 'PB0001');

INSERT INTO NHANVIEN (MANV, TENNV, PHAI, NGAYSINH, DIACHI, SODT, LUONG, PHUCAP, VAITRO, PHG) 
VALUES ('NV2634', N'Nguyễn Đức Khánh', N'Nữ', to_date('12/29/1977', 'MM/DD/RRRR'), N'Na Tông, Điện Biên, Điện Biên,YSLBB', '08523777982', '72278000', '463100', N'Nhân viên', 'PB0004');

INSERT INTO NHANVIEN (MANV, TENNV, PHAI, NGAYSINH, DIACHI, SODT, LUONG, PHUCAP, VAITRO, PHG) 
VALUES ('NV2640', N'Nguyễn Tịnh', N'Nữ', to_date('10/24/1966', 'MM/DD/RRRR'), N'Bình Xa, Hàm Yên, Tuyên Quang,K0', '09494313654', '5033000', '979200', N'Nhân viên', 'PB0004');

INSERT INTO NHANVIEN (MANV, TENNV, PHAI, NGAYSINH, DIACHI, SODT, LUONG, PHUCAP, VAITRO, PHG) 
VALUES ('NV2663', N'Nguyễn Thị Hồng Ngọc', N'Nữ', to_date('10/09/1980', 'MM/DD/RRRR'), N'Hà Tân, Hà Trung, Thanh Hóa,S92Q', '08218182704', '5568000', '351000', N'Nhân viên', 'PB0008');

INSERT INTO NHANVIEN (MANV, TENNV, PHAI, NGAYSINH, DIACHI, SODT, LUONG, PHUCAP, VAITRO, PHG) 
VALUES ('NV2852', N'Nguyễn Thị Vân', N'Nữ', to_date('01/02/1995', 'MM/DD/RRRR'), N'Hưng Lợi, Ninh Kiều, Cần Thơ,7F8', '08292917823', '7732000', '842400', N'Nhân viên', 'PB0005');

INSERT INTO NHANVIEN (MANV, TENNV, PHAI, NGAYSINH, DIACHI, SODT, LUONG, PHUCAP, VAITRO, PHG) 
VALUES ('NV2859', N'Nguyễn Thị Hiền', N'Nam', to_date('11/03/1986', 'MM/DD/RRRR'), N'Cương Sơn, Lục Nam, Bắc Giang,ZUCE', '03278614593', '95806000', '599300', N'Nhân viên', 'PB0006');

INSERT INTO NHANVIEN (MANV, TENNV, PHAI, NGAYSINH, DIACHI, SODT, LUONG, PHUCAP, VAITRO, PHG) 
VALUES ('NV2926', N'Nguyễn Đức Mi', N'Nữ', to_date('05/13/1968', 'MM/DD/RRRR'), N'Phan Thanh, Lục Yên, Yên Bái,2X', '08740541783', '6160000', '418600', N'Nhân viên', 'PB0001');

INSERT INTO NHANVIEN (MANV, TENNV, PHAI, NGAYSINH, DIACHI, SODT, LUONG, PHUCAP, VAITRO, PHG) 
VALUES ('NV2968', N'Nguyễn Đức Thắng', N'Nam', to_date('10/19/1956', 'MM/DD/RRRR'), N'Bình Chiểu, Thủ Đức, Hồ Chí Minh,2L', '08073934135', '67225000', '140800', N'Nhân viên', 'PB0005');

INSERT INTO NHANVIEN (MANV, TENNV, PHAI, NGAYSINH, DIACHI, SODT, LUONG, PHUCAP, VAITRO, PHG) 
VALUES ('NV3009', N'Nguyễn Minh Tâm', N'Nam', to_date('01/15/1969', 'MM/DD/RRRR'), N'Long Thủy, Phước Long, Bình Phước,JSDI3', '08095361624', '8501000', '838400', N'Nhân viên', 'PB0001');

INSERT INTO NHANVIEN (MANV, TENNV, PHAI, NGAYSINH, DIACHI, SODT, LUONG, PHUCAP, VAITRO, PHG) 
VALUES ('NV3051', N'Nguyễn Đức Đông', N'Nữ', to_date('09/10/1960', 'MM/DD/RRRR'), N'Cam Phước Tây, Cam Lâm, Khánh Hòa', '08669444084', '98712000', '590000', N'Nhân viên', 'PB0008');

INSERT INTO NHANVIEN (MANV, TENNV, PHAI, NGAYSINH, DIACHI, SODT, LUONG, PHUCAP, VAITRO, PHG) 
VALUES ('NV3070', N'Nguyễn Kỹ', N'Nữ', to_date('01/29/1995', 'MM/DD/RRRR'), N'Pú Trạng, Nghĩa Lộ, Yên Bái,C5HL', '09648745816', '9526000', '399700', N'Nhân viên', 'PB0002');

INSERT INTO NHANVIEN (MANV, TENNV, PHAI, NGAYSINH, DIACHI, SODT, LUONG, PHUCAP, VAITRO, PHG) 
VALUES ('NV3111', N'Nguyễn Thị Mến', N'Nam', to_date('10/22/1973', 'MM/DD/RRRR'), N'Sơn Cao, Sơn Hà, Quảng Ngãi', '09255504792', '7433000', '311400', N'Nhân viên', 'PB0006');

INSERT INTO NHANVIEN (MANV, TENNV, PHAI, NGAYSINH, DIACHI, SODT, LUONG, PHUCAP, VAITRO, PHG) 
VALUES ('NV3138', N'Nguyễn Quân', N'Nữ', to_date('07/25/1968', 'MM/DD/RRRR'), N'Yên Phúc, Ý Yên, Nam Định,3UZL9', '03957481399', '35384000', '416700', N'Nhân viên', 'PB0005');

INSERT INTO NHANVIEN (MANV, TENNV, PHAI, NGAYSINH, DIACHI, SODT, LUONG, PHUCAP, VAITRO, PHG) 
VALUES ('NV3163', N'Nguyễn Văn Thời', N'Nam', to_date('01/19/2001', 'MM/DD/RRRR'), N'Nam Phú, Tiền Hải, Thái Bình,Y', '09663043119', '81065000', '197900', N'Nhân viên', 'PB0003');

INSERT INTO NHANVIEN (MANV, TENNV, PHAI, NGAYSINH, DIACHI, SODT, LUONG, PHUCAP, VAITRO, PHG) 
VALUES ('NV3177', N'Nguyễn Thị Loan', N'Nam', to_date('06/12/1969', 'MM/DD/RRRR'), N'Bế Văn Đàn, Quảng Hòa, Cao Bằng,6O', '08939316676', '7375000', '262700', N'Nhân viên', 'PB0003');

INSERT INTO NHANVIEN (MANV, TENNV, PHAI, NGAYSINH, DIACHI, SODT, LUONG, PHUCAP, VAITRO, PHG) 
VALUES ('NV3224', N'Nguyễn Đức Linh', N'Nữ', to_date('09/09/1972', 'MM/DD/RRRR'), N'Văn Miếu, Thanh Sơn, Phú Thọ,MCQE0', '08385953109', '13754000', '108700', N'Nhân viên', 'PB0002');

INSERT INTO NHANVIEN (MANV, TENNV, PHAI, NGAYSINH, DIACHI, SODT, LUONG, PHUCAP, VAITRO, PHG) 
VALUES ('NV3359', N'Nguyễn Đức Mười', N'Nữ', to_date('06/20/1986', 'MM/DD/RRRR'), N'Tiên Long, Châu Thành, Bến Tre', '03393034511', '46378000', '640900', N'Nhân viên', 'PB0003');

INSERT INTO NHANVIEN (MANV, TENNV, PHAI, NGAYSINH, DIACHI, SODT, LUONG, PHUCAP, VAITRO, PHG) 
VALUES ('NV3411', N'Nguyễn Thi', N'Nam', to_date('01/18/1964', 'MM/DD/RRRR'), N'Tân Lập, Bắc Tân Uyên, Bình Dương,J66HGA', '03392043396', '3441000', '815400', N'Nhân viên', 'PB0003');

INSERT INTO NHANVIEN (MANV, TENNV, PHAI, NGAYSINH, DIACHI, SODT, LUONG, PHUCAP, VAITRO, PHG) 
VALUES ('NV3422', N'Nguyễn Thị Mến', N'Nữ', to_date('02/26/1990', 'MM/DD/RRRR'), N'Nam Tiến, Phú Xuyên, Hà Nội,K7', '03270878939', '25363000', '840500', N'Nhân viên', 'PB0008');

INSERT INTO NHANVIEN (MANV, TENNV, PHAI, NGAYSINH, DIACHI, SODT, LUONG, PHUCAP, VAITRO, PHG) 
VALUES ('NV3442', N'Nguyễn Thị Tịch', N'Nam', to_date('02/28/1971', 'MM/DD/RRRR'), N'Tân Phúc, Nông Cống, Thanh Hóa,DGJ', '08007439789', '2521000', '662400', N'Nhân viên', 'PB0008');

INSERT INTO NHANVIEN (MANV, TENNV, PHAI, NGAYSINH, DIACHI, SODT, LUONG, PHUCAP, VAITRO, PHG) 
VALUES ('NV3488', N'Nguyễn Thi', N'Nữ', to_date('12/11/1976', 'MM/DD/RRRR'), N'Pa Khoá, Sìn Hồ, Lai Châu,NH2POR', '09326865346', '87878000', '968200', N'Nhân viên', 'PB0005');

INSERT INTO NHANVIEN (MANV, TENNV, PHAI, NGAYSINH, DIACHI, SODT, LUONG, PHUCAP, VAITRO, PHG) 
VALUES ('NV3514', N'Nguyễn Thị Hoan', N'Nam', to_date('01/21/2000', 'MM/DD/RRRR'), N'Tân Lập, Yên Mỹ, Hưng Yên,KD2N', '09474939111', '3984000', '639300', N'Nhân viên', 'PB0007');

INSERT INTO NHANVIEN (MANV, TENNV, PHAI, NGAYSINH, DIACHI, SODT, LUONG, PHUCAP, VAITRO, PHG) 
VALUES ('NV3620', N'Nguyễn Thị Dư', N'Nam', to_date('09/22/1993', 'MM/DD/RRRR'), N'Sơn Viên, Nông Sơn, Quảng Nam,H', '09059457169', '7966000', '662100', N'Nhân viên', 'PB0002');

INSERT INTO NHANVIEN (MANV, TENNV, PHAI, NGAYSINH, DIACHI, SODT, LUONG, PHUCAP, VAITRO, PHG) 
VALUES ('NV3653', N'Nguyễn Tăng Mai Châu', N'Nữ', to_date('01/27/2002', 'MM/DD/RRRR'), N'Hải Lĩnh, Tĩnh Gia, Thanh Hóa,SK1D3', '03644621728', '5107000', '128600', N'Nhân viên', 'PB0004');

INSERT INTO NHANVIEN (MANV, TENNV, PHAI, NGAYSINH, DIACHI, SODT, LUONG, PHUCAP, VAITRO, PHG) 
VALUES ('NV3655', N'Nguyễn Đức Thắng', N'Nữ', to_date('10/30/1974', 'MM/DD/RRRR'), N'Vĩnh Quang, Vĩnh Thạnh, Bình Định', '03878132150', '1760000', '229100', N'Nhân viên', 'PB0002');

INSERT INTO NHANVIEN (MANV, TENNV, PHAI, NGAYSINH, DIACHI, SODT, LUONG, PHUCAP, VAITRO, PHG) 
VALUES ('NV3678', N'Nguyễn Nhã', N'Nam', to_date('01/15/1966', 'MM/DD/RRRR'), N'Gia Hội, Văn Chấn, Yên Bái,GPWC73', '08892517411', '2417000', '107200', N'Nhân viên', 'PB0003');

INSERT INTO NHANVIEN (MANV, TENNV, PHAI, NGAYSINH, DIACHI, SODT, LUONG, PHUCAP, VAITRO, PHG) 
VALUES ('NV3692', N'Nguyễn Đức Việt', N'Nữ', to_date('05/22/1982', 'MM/DD/RRRR'), N'Cam Lợi, Cam Ranh, Khánh Hòa,AHW5', '08651377086', '47838000', '175200', N'Nhân viên', 'PB0002');

INSERT INTO NHANVIEN (MANV, TENNV, PHAI, NGAYSINH, DIACHI, SODT, LUONG, PHUCAP, VAITRO, PHG) 
VALUES ('NV3767', N'Nguyễn Thị Ái', N'Nam', to_date('03/06/1966', 'MM/DD/RRRR'), N'Phường 2, Sa Đéc, Đồng Tháp,QQ6IM5', '09933722520', '1879000', '628000', N'Nhân viên', 'PB0004');

INSERT INTO NHANVIEN (MANV, TENNV, PHAI, NGAYSINH, DIACHI, SODT, LUONG, PHUCAP, VAITRO, PHG) 
VALUES ('NV3772', N'Nguyễn Khế', N'Nam', to_date('03/27/1998', 'MM/DD/RRRR'), N'Mạo Khê, Đông Triều, Quảng Ninh,IB5A', '09776258400', '7808000', '557000', N'Nhân viên', 'PB0008');

INSERT INTO NHANVIEN (MANV, TENNV, PHAI, NGAYSINH, DIACHI, SODT, LUONG, PHUCAP, VAITRO, PHG) 
VALUES ('NV3820', N'Nguyễn Thị Thông', N'Nữ', to_date('09/19/1979', 'MM/DD/RRRR'), N'Đường Lâm, Sơn Tây, Hà Nội,PMF4O', '03251504726', '85884000', '567700', N'Nhân viên', 'PB0001');

INSERT INTO NHANVIEN (MANV, TENNV, PHAI, NGAYSINH, DIACHI, SODT, LUONG, PHUCAP, VAITRO, PHG) 
VALUES ('NV3911', N'Nguyễn Đức Hoài', N'Nữ', to_date('08/13/1975', 'MM/DD/RRRR'), N'Bằng Cốc, Hàm Yên, Tuyên Quang,SAJA', '09138508675', '1054000', '377800', N'Nhân viên', 'PB0005');

INSERT INTO NHANVIEN (MANV, TENNV, PHAI, NGAYSINH, DIACHI, SODT, LUONG, PHUCAP, VAITRO, PHG) 
VALUES ('NV3958', N'Nguyễn Cược', N'Nữ', to_date('01/17/1962', 'MM/DD/RRRR'), N'Song Pe, Bắc Yên, Sơn La,ALXQ9B', '03086746745', '2244000', '665300', N'Nhân viên', 'PB0005');

INSERT INTO NHANVIEN (MANV, TENNV, PHAI, NGAYSINH, DIACHI, SODT, LUONG, PHUCAP, VAITRO, PHG) 
VALUES ('NV4002', N'Nguyễn Thị Kim Khuê', N'Nam', to_date('05/06/1974', 'MM/DD/RRRR'), N'Minh Tâm, Nguyên Bình, Cao Bằng,S34', '09902198799', '4186000', '640100', N'Nhân viên', 'PB0008');

INSERT INTO NHANVIEN (MANV, TENNV, PHAI, NGAYSINH, DIACHI, SODT, LUONG, PHUCAP, VAITRO, PHG) 
VALUES ('NV4017', N'Nguyễn Thị Tịch', N'Nữ', to_date('07/20/1966', 'MM/DD/RRRR'), N'Tân Phong, Quảng Xương, Thanh Hóa,ZEWL', '08702567212', '9856000', '426500', N'Nhân viên', 'PB0008');

INSERT INTO NHANVIEN (MANV, TENNV, PHAI, NGAYSINH, DIACHI, SODT, LUONG, PHUCAP, VAITRO, PHG) 
VALUES ('NV4020', N'Nguyễn Anh Khoa', N'Nữ', to_date('11/13/1995', 'MM/DD/RRRR'), N'Vệ An, Bắc Ninh, Bắc Ninh,FY6DNP', '09121182342', '40921000', '856200', N'Nhân viên', 'PB0008');

INSERT INTO NHANVIEN (MANV, TENNV, PHAI, NGAYSINH, DIACHI, SODT, LUONG, PHUCAP, VAITRO, PHG) 
VALUES ('NV4025', N'Nguyễn Thị Cúc', N'Nữ', to_date('07/04/1971', 'MM/DD/RRRR'), N'Vĩnh Thông, Rạch Giá, Kiên Giang,M7PD', '08354050869', '33853000', '352700', N'Nhân viên', 'PB0004');

INSERT INTO NHANVIEN (MANV, TENNV, PHAI, NGAYSINH, DIACHI, SODT, LUONG, PHUCAP, VAITRO, PHG) 
VALUES ('NV4240', N'Nguyễn Minh Phương', N'Nữ', to_date('01/22/1967', 'MM/DD/RRRR'), N'Lương Tâm, Long Mỹ, Hậu Giang,4O', '09739870962', '8720000', '861100', N'Nhân viên', 'PB0003');

INSERT INTO NHANVIEN (MANV, TENNV, PHAI, NGAYSINH, DIACHI, SODT, LUONG, PHUCAP, VAITRO, PHG) 
VALUES ('NV4266', N'Nguyễn Thái Hiền', N'Nam', to_date('06/13/1973', 'MM/DD/RRRR'), N'Liên Sơn, Kim Bảng, Hà Nam,JG', '03280589055', '20137000', '765200', N'Nhân viên', 'PB0003');

INSERT INTO NHANVIEN (MANV, TENNV, PHAI, NGAYSINH, DIACHI, SODT, LUONG, PHUCAP, VAITRO, PHG) 
VALUES ('NV4276', N'Nguyễn Đức Tẩn', N'Nữ', to_date('06/16/1972', 'MM/DD/RRRR'), N'Trường Yên, Chương Mỹ, Hà Nội,NK', '03125949524', '41918000', '646600', N'Nhân viên', 'PB0005');

INSERT INTO NHANVIEN (MANV, TENNV, PHAI, NGAYSINH, DIACHI, SODT, LUONG, PHUCAP, VAITRO, PHG) 
VALUES ('NV4286', N'Nguyễn Thị Chạy', N'Nữ', to_date('12/20/1986', 'MM/DD/RRRR'), N'Thanh Mỹ, Thanh Chương, Nghệ An,0AZS', '09339886348', '1961000', '676900', N'Nhân viên', 'PB0008');

INSERT INTO NHANVIEN (MANV, TENNV, PHAI, NGAYSINH, DIACHI, SODT, LUONG, PHUCAP, VAITRO, PHG) 
VALUES ('NV4313', N'Nguyễn Thị Nhàn', N'Nam', to_date('09/12/1969', 'MM/DD/RRRR'), N'Thụy Hòa, Yên Phong, Bắc Ninh,MYO0', '09865247494', '68859000', '148600', N'Nhân viên', 'PB0002');

INSERT INTO NHANVIEN (MANV, TENNV, PHAI, NGAYSINH, DIACHI, SODT, LUONG, PHUCAP, VAITRO, PHG) 
VALUES ('NV4318', N'Nguyễn Văn Năm', N'Nam', to_date('12/15/1991', 'MM/DD/RRRR'), N'Yên Khang, Ý Yên, Nam Định,KO8G', '03849696370', '2555000', '852200', N'Nhân viên', 'PB0004');

INSERT INTO NHANVIEN (MANV, TENNV, PHAI, NGAYSINH, DIACHI, SODT, LUONG, PHUCAP, VAITRO, PHG) 
VALUES ('NV4325', N'Nguyễn Thị Lộc', N'Nam', to_date('10/13/1954', 'MM/DD/RRRR'), N'Qui Hướng, Mộc Châu, Sơn La', '08857522858', '21902000', '472600', N'Nhân viên', 'PB0002');

INSERT INTO NHANVIEN (MANV, TENNV, PHAI, NGAYSINH, DIACHI, SODT, LUONG, PHUCAP, VAITRO, PHG) 
VALUES ('NV4334', N'Nguyễn Thị An', N'Nữ', to_date('10/07/1982', 'MM/DD/RRRR'), N'Huy Bắc, Phù Yên, Sơn La,54J', '08232253604', '25378000', '567100', N'Nhân viên', 'PB0008');

INSERT INTO NHANVIEN (MANV, TENNV, PHAI, NGAYSINH, DIACHI, SODT, LUONG, PHUCAP, VAITRO, PHG) 
VALUES ('NV4374', N'Nguyễn Thị Vân', N'Nam', to_date('04/06/1954', 'MM/DD/RRRR'), N'Lộc Nam, Bảo Lâm, Lâm Đồng,4C', '03126906092', '1762000', '991200', N'Nhân viên', 'PB0006');

INSERT INTO NHANVIEN (MANV, TENNV, PHAI, NGAYSINH, DIACHI, SODT, LUONG, PHUCAP, VAITRO, PHG) 
VALUES ('NV4376', N'Nguyễn Thế Truyền', N'Nam', to_date('07/23/1976', 'MM/DD/RRRR'), N'Nam Thắng, Nam Trực, Nam Định,SGG', '09937473597', '4281000', '659200', N'Nhân viên', 'PB0003');

INSERT INTO NHANVIEN (MANV, TENNV, PHAI, NGAYSINH, DIACHI, SODT, LUONG, PHUCAP, VAITRO, PHG) 
VALUES ('NV4396', N'Nguyễn Thị Châu', N'Nam', to_date('10/16/1964', 'MM/DD/RRRR'), N'Hạ Lý, Hồng Bàng, Hải Phòng,2', '09271227162', '7790000', '730800', N'Nhân viên', 'PB0004');

INSERT INTO NHANVIEN (MANV, TENNV, PHAI, NGAYSINH, DIACHI, SODT, LUONG, PHUCAP, VAITRO, PHG) 
VALUES ('NV4402', N'Nguyễn Thị Trúc Linh', N'Nam', to_date('06/03/1953', 'MM/DD/RRRR'), N'Lý Quốc, Hạ Lang, Cao Bằng,ZCEO', '09969270551', '6743000', '405200', N'Nhân viên', 'PB0005');

INSERT INTO NHANVIEN (MANV, TENNV, PHAI, NGAYSINH, DIACHI, SODT, LUONG, PHUCAP, VAITRO, PHG) 
VALUES ('NV4416', N'Nguyễn Ngọc Trân', N'Nữ', to_date('01/20/1974', 'MM/DD/RRRR'), N'Liên Đầm, Di Linh, Lâm Đồng,GP', '08922201364', '18963000', '102300', N'Nhân viên', 'PB0007');

INSERT INTO NHANVIEN (MANV, TENNV, PHAI, NGAYSINH, DIACHI, SODT, LUONG, PHUCAP, VAITRO, PHG) 
VALUES ('NV4463', N'Nguyễn Thị Thư', N'Nam', to_date('11/27/1962', 'MM/DD/RRRR'), N'Võ Liệt, Thanh Chương, Nghệ An,Y', '03474989683', '9244000', '319800', N'Nhân viên', 'PB0005');

INSERT INTO NHANVIEN (MANV, TENNV, PHAI, NGAYSINH, DIACHI, SODT, LUONG, PHUCAP, VAITRO, PHG) 
VALUES ('NV4500', N'Nguyễn Thị Chút', N'Nam', to_date('04/25/1970', 'MM/DD/RRRR'), N'Tân Phúc, Ân Thi, Hưng Yên,JD4I', '08933329244', '79458000', '127000', N'Nhân viên', 'PB0007');

INSERT INTO NHANVIEN (MANV, TENNV, PHAI, NGAYSINH, DIACHI, SODT, LUONG, PHUCAP, VAITRO, PHG) 
VALUES ('NV4558', N'Nguyễn Duy Lân', N'Nam', to_date('05/12/1956', 'MM/DD/RRRR'), N'Vĩnh Lộc, An Phú, An Giang,V30', '08613674305', '28422000', '910200', N'Nhân viên', 'PB0003');

INSERT INTO NHANVIEN (MANV, TENNV, PHAI, NGAYSINH, DIACHI, SODT, LUONG, PHUCAP, VAITRO, PHG) 
VALUES ('NV4568', N'Nguyễn Đức Việt', N'Nữ', to_date('07/21/1985', 'MM/DD/RRRR'), N'Long Hựu Tây, Cần Đước, Long An,6N', '03373856581', '2872000', '231600', N'Nhân viên', 'PB0006');

INSERT INTO NHANVIEN (MANV, TENNV, PHAI, NGAYSINH, DIACHI, SODT, LUONG, PHUCAP, VAITRO, PHG) 
VALUES ('NV4723', N'Nguyễn Quân', N'Nữ', to_date('06/23/1983', 'MM/DD/RRRR'), N'Bát Đại Sơn, Quản Bạ, Hà Giang,EL70', '09752584250', '4178000', '365400', N'Nhân viên', 'PB0003');

INSERT INTO NHANVIEN (MANV, TENNV, PHAI, NGAYSINH, DIACHI, SODT, LUONG, PHUCAP, VAITRO, PHG) 
VALUES ('NV4727', N'Nguyễn Thị Tú', N'Nam', to_date('03/03/1959', 'MM/DD/RRRR'), N'Úc Kỳ, Phú Bình, Thái Nguyên,IMVU', '08093450931', '7315000', '430900', N'Nhân viên', 'PB0005');

INSERT INTO NHANVIEN (MANV, TENNV, PHAI, NGAYSINH, DIACHI, SODT, LUONG, PHUCAP, VAITRO, PHG) 
VALUES ('NV4802', N'Nguyễn Khắc Hiếu', N'Nam', to_date('02/23/1999', 'MM/DD/RRRR'), N'Nguyên Phúc, Bạch Thông, Bắc Kạn,KK3U1Q', '08404113608', '6180000', '295600', N'Nhân viên', 'PB0003');

INSERT INTO NHANVIEN (MANV, TENNV, PHAI, NGAYSINH, DIACHI, SODT, LUONG, PHUCAP, VAITRO, PHG) 
VALUES ('NV4821', N'Nguyễn Đức', N'Nam', to_date('01/27/1955', 'MM/DD/RRRR'), N'Tân Hương, Đức Thọ, Hà Tĩnh,Y0FH1', '03730736163', '51146000', '318900', N'Nhân viên', 'PB0008');

INSERT INTO NHANVIEN (MANV, TENNV, PHAI, NGAYSINH, DIACHI, SODT, LUONG, PHUCAP, VAITRO, PHG) 
VALUES ('NV4831', N'Nguyễn Đức Quán', N'Nam', to_date('09/09/1963', 'MM/DD/RRRR'), N'Lùng Vai, Mường Khương, Lào Cai,6M6', '03054475768', '93226000', '228400', N'Nhân viên', 'PB0003');

INSERT INTO NHANVIEN (MANV, TENNV, PHAI, NGAYSINH, DIACHI, SODT, LUONG, PHUCAP, VAITRO, PHG) 
VALUES ('NV4836', N'Nguyễn Thị Phê', N'Nam', to_date('10/29/2001', 'MM/DD/RRRR'), N'Minh Đức, Ứng Hòa, Hà Nội,HS', '09358805554', '31229000', '897600', N'Nhân viên', 'PB0001');

INSERT INTO NHANVIEN (MANV, TENNV, PHAI, NGAYSINH, DIACHI, SODT, LUONG, PHUCAP, VAITRO, PHG) 
VALUES ('NV4848', N'Nguyễn Viết Hưng', N'Nữ', to_date('12/20/1992', 'MM/DD/RRRR'), N'Giàng Chu Phìn, Mèo Vạc, Hà Giang,IY6V', '09891910320', '77708000', '678000', N'Nhân viên', 'PB0007');

INSERT INTO NHANVIEN (MANV, TENNV, PHAI, NGAYSINH, DIACHI, SODT, LUONG, PHUCAP, VAITRO, PHG) 
VALUES ('NV4864', N'Nguyễn Thị Ngà', N'Nữ', to_date('06/21/1986', 'MM/DD/RRRR'), N'Mù Căng Chải, Mù Căng Chải, Yên Bái,THZ', '03009276987', '38110000', '422700', N'Nhân viên', 'PB0001');

INSERT INTO NHANVIEN (MANV, TENNV, PHAI, NGAYSINH, DIACHI, SODT, LUONG, PHUCAP, VAITRO, PHG) 
VALUES ('NV4867', N'Nguyễn Trí Hội', N'Nữ', to_date('03/02/2002', 'MM/DD/RRRR'), N'Thủy Thanh, Hương Thủy, Thừa Thiên Huế,FRIT', '09128651641', '85016000', '682600', N'Nhân viên', 'PB0003');

INSERT INTO NHANVIEN (MANV, TENNV, PHAI, NGAYSINH, DIACHI, SODT, LUONG, PHUCAP, VAITRO, PHG) 
VALUES ('NV4877', N'Nguyễn Thị Kim Yến', N'Nam', to_date('03/30/1968', 'MM/DD/RRRR'), N'Tịnh Thiện, Quảng Ngãi, Quảng Ngãi,YGUMO', '08432117087', '53374000', '979200', N'Nhân viên', 'PB0006');

INSERT INTO NHANVIEN (MANV, TENNV, PHAI, NGAYSINH, DIACHI, SODT, LUONG, PHUCAP, VAITRO, PHG) 
VALUES ('NV4897', N'Nguyễn Hùng Sang', N'Nam', to_date('09/06/1957', 'MM/DD/RRRR'), N'An Ninh, Quảng Ninh, Quảng Bình,EA', '03932904432', '4043000', '595900', N'Nhân viên', 'PB0004');

INSERT INTO NHANVIEN (MANV, TENNV, PHAI, NGAYSINH, DIACHI, SODT, LUONG, PHUCAP, VAITRO, PHG) 
VALUES ('NV5026', N'Nguyễn Thế Truyền', N'Nam', to_date('01/14/1961', 'MM/DD/RRRR'), N'Phước Long A, Quận 9, Hồ Chí Minh,T', '03532995106', '71131000', '975800', N'Nhân viên', 'PB0003');

INSERT INTO NHANVIEN (MANV, TENNV, PHAI, NGAYSINH, DIACHI, SODT, LUONG, PHUCAP, VAITRO, PHG) 
VALUES ('NV5053', N'Nguyễn Thị Lục', N'Nữ', to_date('04/10/1965', 'MM/DD/RRRR'), N'Đắc Sở, Hoài Đức, Hà Nội,AL6N3', '08383422388', '1424000', '575300', N'Nhân viên', 'PB0002');

INSERT INTO NHANVIEN (MANV, TENNV, PHAI, NGAYSINH, DIACHI, SODT, LUONG, PHUCAP, VAITRO, PHG) 
VALUES ('NV5055', N'Nguyễn Văn Thất', N'Nam', to_date('03/21/1998', 'MM/DD/RRRR'), N'Phổ Thạnh, Đức Phổ, Quảng Ngãi,5A2H', '08902281349', '5974000', '526800', N'Nhân viên', 'PB0002');

INSERT INTO NHANVIEN (MANV, TENNV, PHAI, NGAYSINH, DIACHI, SODT, LUONG, PHUCAP, VAITRO, PHG) 
VALUES ('NV5074', N'Nguyễn Thị Hửu', N'Nữ', to_date('06/04/1989', 'MM/DD/RRRR'), N'Bình Thanh , Bình Sơn, Quảng Ngãi,ME1J7M', '03703592997', '47999000', '954500', N'Nhân viên', 'PB0001');

INSERT INTO NHANVIEN (MANV, TENNV, PHAI, NGAYSINH, DIACHI, SODT, LUONG, PHUCAP, VAITRO, PHG) 
VALUES ('NV5076', N'Nguyễn Đức Toàn', N'Nữ', to_date('11/05/2000', 'MM/DD/RRRR'), N'Vị Thuỷ, Vị Thuỷ, Hậu Giang,C', '09421582740', '87944000', '811800', N'Nhân viên', 'PB0002');

INSERT INTO NHANVIEN (MANV, TENNV, PHAI, NGAYSINH, DIACHI, SODT, LUONG, PHUCAP, VAITRO, PHG) 
VALUES ('NV5155', N'Nguyễn Đức Hảo', N'Nữ', to_date('11/04/1985', 'MM/DD/RRRR'), N'Bông Trang, Xuyên Mộc, Bà Rịa - Vũng Tàu,6', '08754946259', '8402000', '848800', N'Nhân viên', 'PB0005');

INSERT INTO NHANVIEN (MANV, TENNV, PHAI, NGAYSINH, DIACHI, SODT, LUONG, PHUCAP, VAITRO, PHG) 
VALUES ('NV5165', N'Nguyễn Thị Mai', N'Nữ', to_date('01/08/1977', 'MM/DD/RRRR'), N'Châu Phong, Tân Châu, An Giang,4VKE', '08419609406', '9481000', NULL, N'Nhân viên', 'PB0004');

INSERT INTO NHANVIEN (MANV, TENNV, PHAI, NGAYSINH, DIACHI, SODT, LUONG, PHUCAP, VAITRO, PHG) 
VALUES ('NV5208', N'Nguyễn Tăng Mai Trang', N'Nữ', to_date('09/25/1960', 'MM/DD/RRRR'), N'Tân Bình, Đăk Đoa, Gia Lai', '03947807993', '44235000', '578200', N'Nhân viên', 'PB0003');

INSERT INTO NHANVIEN (MANV, TENNV, PHAI, NGAYSINH, DIACHI, SODT, LUONG, PHUCAP, VAITRO, PHG) 
VALUES ('NV5215', N'Nguyễn Thị Kim Thoa', N'Nam', to_date('10/11/1968', 'MM/DD/RRRR'), N'Đắk Plao, Đăk Glong, Đắk Nông', '03531767519', '47664000', '841900', N'Nhân viên', 'PB0001');

INSERT INTO NHANVIEN (MANV, TENNV, PHAI, NGAYSINH, DIACHI, SODT, LUONG, PHUCAP, VAITRO, PHG) 
VALUES ('NV5271', N'Nguyễn Thị Liên', N'Nữ', to_date('12/06/1965', 'MM/DD/RRRR'), N'Mỹ Lương, Yên Lập, Phú Thọ', '03138627936', '5415000', '908500', N'Nhân viên', 'PB0008');

INSERT INTO NHANVIEN (MANV, TENNV, PHAI, NGAYSINH, DIACHI, SODT, LUONG, PHUCAP, VAITRO, PHG) 
VALUES ('NV5289', N'Nguyễn Vinh', N'Nam', to_date('05/12/1983', 'MM/DD/RRRR'), N'Song Phượng, Đan Phượng, Hà Nội', '09458493487', '8708000', '444800', N'Nhân viên', 'PB0001');

INSERT INTO NHANVIEN (MANV, TENNV, PHAI, NGAYSINH, DIACHI, SODT, LUONG, PHUCAP, VAITRO, PHG) 
VALUES ('NV5292', N'Nguyễn Đức Tiệu', N'Nữ', to_date('08/26/1964', 'MM/DD/RRRR'), N'Bình Hải, Thăng Bình, Quảng Nam,B8', '03273437570', '34025000', '795200', N'Nhân viên', 'PB0005');

INSERT INTO NHANVIEN (MANV, TENNV, PHAI, NGAYSINH, DIACHI, SODT, LUONG, PHUCAP, VAITRO, PHG) 
VALUES ('NV5303', N'Nguyễn Thị Thạch', N'Nam', to_date('03/04/1982', 'MM/DD/RRRR'), N'Thanh Sơn, Định Quán, Đồng Nai', '03928781714', '19217000', '853900', N'Nhân viên', 'PB0003');

INSERT INTO NHANVIEN (MANV, TENNV, PHAI, NGAYSINH, DIACHI, SODT, LUONG, PHUCAP, VAITRO, PHG) 
VALUES ('NV5355', N'Nguyễn Thị Bích Trâm', N'Nữ', to_date('12/17/1987', 'MM/DD/RRRR'), N'Quảng Phú, Thanh Hóa, Thanh Hóa,X21', '08791315569', '91538000', '202800', N'Nhân viên', 'PB0002');

INSERT INTO NHANVIEN (MANV, TENNV, PHAI, NGAYSINH, DIACHI, SODT, LUONG, PHUCAP, VAITRO, PHG) 
VALUES ('NV5367', N'Nguyễn Nhu', N'Nam', to_date('06/30/1971', 'MM/DD/RRRR'), N'Phú Lương, Sơn Dương, Tuyên Quang,DK', '08498233807', '8325000', '107500', N'Nhân viên', 'PB0002');

INSERT INTO NHANVIEN (MANV, TENNV, PHAI, NGAYSINH, DIACHI, SODT, LUONG, PHUCAP, VAITRO, PHG) 
VALUES ('NV5370', N'Nguyễn Thị An', N'Nữ', to_date('10/14/1972', 'MM/DD/RRRR'), N'Chư Rcăm, Krông Pa, Gia Lai,NXR', '03949365374', '80739000', '894400', N'Nhân viên', 'PB0006');

INSERT INTO NHANVIEN (MANV, TENNV, PHAI, NGAYSINH, DIACHI, SODT, LUONG, PHUCAP, VAITRO, PHG) 
VALUES ('NV5385', N'Nguyễn Đức Thắng', N'Nam', to_date('01/01/1961', 'MM/DD/RRRR'), N'Bảo Hoà, Xuân Lộc, Đồng Nai,CE6AQ', '03997493267', '5230000', '641700', N'Nhân viên', 'PB0004');

INSERT INTO NHANVIEN (MANV, TENNV, PHAI, NGAYSINH, DIACHI, SODT, LUONG, PHUCAP, VAITRO, PHG) 
VALUES ('NV5419', N'Nguyễn Thị Mai', N'Nữ', to_date('09/26/1991', 'MM/DD/RRRR'), N'Bình Trung, Châu Đức, Bà Rịa - Vũng Tàu,QT', '09661824884', '37010000', '625800', N'Nhân viên', 'PB0001');

INSERT INTO NHANVIEN (MANV, TENNV, PHAI, NGAYSINH, DIACHI, SODT, LUONG, PHUCAP, VAITRO, PHG) 
VALUES ('NV5439', N'Nguyễn Thị Cúc', N'Nam', to_date('06/03/1993', 'MM/DD/RRRR'), N'Đức Bình Tây, Sông Hinh, Phú Yên,56', '03252116400', '11522000', '209000', N'Nhân viên', 'PB0006');

INSERT INTO NHANVIEN (MANV, TENNV, PHAI, NGAYSINH, DIACHI, SODT, LUONG, PHUCAP, VAITRO, PHG) 
VALUES ('NV5442', N'Nguyễn Thị Linh', N'Nam', to_date('10/22/1979', 'MM/DD/RRRR'), N'Tiền Tiến, Phù Cừ, Hưng Yên,0O', '03133279629', '7209000', '807800', N'Nhân viên', 'PB0001');

INSERT INTO NHANVIEN (MANV, TENNV, PHAI, NGAYSINH, DIACHI, SODT, LUONG, PHUCAP, VAITRO, PHG) 
VALUES ('NV5460', N'Nguyễn Thị Thị', N'Nữ', to_date('08/30/1989', 'MM/DD/RRRR'), N'Minh Tiến, Ngọc Lặc, Thanh Hóa', '09862023300', '20282000', '205500', N'Nhân viên', 'PB0004');

INSERT INTO NHANVIEN (MANV, TENNV, PHAI, NGAYSINH, DIACHI, SODT, LUONG, PHUCAP, VAITRO, PHG) 
VALUES ('NV5466', N'Nguyễn Thị Ngộ', N'Nam', to_date('03/11/1979', 'MM/DD/RRRR'), N'Phước Hưng, An Phú, An Giang,SWXQZ', '03601908130', '4044000', '444300', N'Nhân viên', 'PB0007');

INSERT INTO NHANVIEN (MANV, TENNV, PHAI, NGAYSINH, DIACHI, SODT, LUONG, PHUCAP, VAITRO, PHG) 
VALUES ('NV5525', N'Nguyễn Thị Hải Âu', N'Nữ', to_date('12/28/1991', 'MM/DD/RRRR'), N'Vũ Trung, Kiến Xương, Thái Bình,U', '08339614856', '7513000', '257000', N'Nhân viên', 'PB0007');

INSERT INTO NHANVIEN (MANV, TENNV, PHAI, NGAYSINH, DIACHI, SODT, LUONG, PHUCAP, VAITRO, PHG) 
VALUES ('NV5555', N'Nguyễn Thị Lan', N'Nam', to_date('03/13/1966', 'MM/DD/RRRR'), N'Thượng Nông, Na Hang, Tuyên Quang,9', '09572037522', '19697000', '881100', N'Nhân viên', 'PB0003');

INSERT INTO NHANVIEN (MANV, TENNV, PHAI, NGAYSINH, DIACHI, SODT, LUONG, PHUCAP, VAITRO, PHG) 
VALUES ('NV5561', N'Nguyễn Đức Phục', N'Nam', to_date('11/24/1998', 'MM/DD/RRRR'), N'An Hồng, An Dương, Hải Phòng,2DHJ', '03850238286', '29419000', '758500', N'Nhân viên', 'PB0003');

INSERT INTO NHANVIEN (MANV, TENNV, PHAI, NGAYSINH, DIACHI, SODT, LUONG, PHUCAP, VAITRO, PHG) 
VALUES ('NV5581', N'Nguyễn Thị Hửu', N'Nam', to_date('10/22/1964', 'MM/DD/RRRR'), N'Tà Lài, Tân Phú, Đồng Nai,4SKU7', '03360551295', '9868000', '329900', N'Nhân viên', 'PB0001');

INSERT INTO NHANVIEN (MANV, TENNV, PHAI, NGAYSINH, DIACHI, SODT, LUONG, PHUCAP, VAITRO, PHG) 
VALUES ('NV5702', N'Nguyễn Chí Sanh', N'Nam', to_date('09/04/1974', 'MM/DD/RRRR'), N'Lộc Thuận, Lộc Ninh, Bình Phước', '08366763424', '87829000', '520200', N'Nhân viên', 'PB0007');

INSERT INTO NHANVIEN (MANV, TENNV, PHAI, NGAYSINH, DIACHI, SODT, LUONG, PHUCAP, VAITRO, PHG) 
VALUES ('NV5792', N'Nguyễn Thị Thanh', N'Nam', to_date('04/12/1994', 'MM/DD/RRRR'), N'Văn Nghĩa, Lạc Sơn, Hoà Bình,XXEWX', '09156516470', '89113000', '836800', N'Nhân viên', 'PB0008');

INSERT INTO NHANVIEN (MANV, TENNV, PHAI, NGAYSINH, DIACHI, SODT, LUONG, PHUCAP, VAITRO, PHG) 
VALUES ('NV5815', N'Nguyễn Thị Mỹ Lệ', N'Nữ', to_date('12/27/1960', 'MM/DD/RRRR'), N'Mỹ Long, Cao Lãnh, Đồng Tháp,65C', '09826495752', '20167000', '565400', N'Nhân viên', 'PB0007');

INSERT INTO NHANVIEN (MANV, TENNV, PHAI, NGAYSINH, DIACHI, SODT, LUONG, PHUCAP, VAITRO, PHG) 
VALUES ('NV5833', N'Nguyễn Thôi', N'Nữ', to_date('03/05/1976', 'MM/DD/RRRR'), N'Phước Tân, Bác Ái, Ninh Thuận,PY', '03484217199', '5122000', '355500', N'Nhân viên', 'PB0006');

INSERT INTO NHANVIEN (MANV, TENNV, PHAI, NGAYSINH, DIACHI, SODT, LUONG, PHUCAP, VAITRO, PHG) 
VALUES ('NV5851', N'Nguyễn Nhã', N'Nam', to_date('10/23/1999', 'MM/DD/RRRR'), N'Nam Tiến, Phổ Yên, Thái Nguyên,S06S3', '09536949775', '57037000', '792600', N'Nhân viên', 'PB0003');

INSERT INTO NHANVIEN (MANV, TENNV, PHAI, NGAYSINH, DIACHI, SODT, LUONG, PHUCAP, VAITRO, PHG) 
VALUES ('NV5858', N'Nguyễn Thị Phụng', N'Nam', to_date('05/12/1984', 'MM/DD/RRRR'), N'Nậm Păm, Mường La, Sơn La', '09856888012', '5808000', '144200', N'Nhân viên', 'PB0007');

INSERT INTO NHANVIEN (MANV, TENNV, PHAI, NGAYSINH, DIACHI, SODT, LUONG, PHUCAP, VAITRO, PHG) 
VALUES ('NV5890', N'Nguyễn Đức Phúc', N'Nữ', to_date('09/10/1992', 'MM/DD/RRRR'), N'Thạch Bàn, Long Biên, Hà Nội,XE3', '09410949218', '59013000', '805900', N'Nhân viên', 'PB0003');

INSERT INTO NHANVIEN (MANV, TENNV, PHAI, NGAYSINH, DIACHI, SODT, LUONG, PHUCAP, VAITRO, PHG) 
VALUES ('NV5968', N'Nguyễn Ngọc Ngoạn', N'Nữ', to_date('04/01/1996', 'MM/DD/RRRR'), N'Hương Trà, Hương Khê, Hà Tĩnh,IWVT9', '09427775219', '2222000', '678400', N'Nhân viên', 'PB0001');

INSERT INTO NHANVIEN (MANV, TENNV, PHAI, NGAYSINH, DIACHI, SODT, LUONG, PHUCAP, VAITRO, PHG) 
VALUES ('NV5976', N'Nguyễn Đức Thắng', N'Nữ', to_date('09/07/1967', 'MM/DD/RRRR'), N'Tiến Hưng, Đồng Xoài, Bình Phước,HYYW', '08573484812', '1274000', '381300', N'Nhân viên', 'PB0004');

INSERT INTO NHANVIEN (MANV, TENNV, PHAI, NGAYSINH, DIACHI, SODT, LUONG, PHUCAP, VAITRO, PHG) 
VALUES ('NV6032', N'Nguyễn Phận', N'Nam', to_date('08/25/1960', 'MM/DD/RRRR'), N'Tân Quy, Quận 7, Hồ Chí Minh,CD7ZM', '03459018317', '81421000', '462100', N'Nhân viên', 'PB0005');

INSERT INTO NHANVIEN (MANV, TENNV, PHAI, NGAYSINH, DIACHI, SODT, LUONG, PHUCAP, VAITRO, PHG) 
VALUES ('NV6034', N'Nguyễn Ngọc Thống', N'Nữ', to_date('12/08/1986', 'MM/DD/RRRR'), N'Phiêng Côn, Bắc Yên, Sơn La,PG0L1R', '09047383266', '9255000', '533100', N'Nhân viên', 'PB0004');

INSERT INTO NHANVIEN (MANV, TENNV, PHAI, NGAYSINH, DIACHI, SODT, LUONG, PHUCAP, VAITRO, PHG) 
VALUES ('NV6052', N'Nguyễn Tứ', N'Nam', to_date('12/14/1967', 'MM/DD/RRRR'), N'Thạch Trung, Hà Tĩnh, Hà Tĩnh,Q25L', '08385542141', '41062000', '864200', N'Nhân viên', 'PB0004');

INSERT INTO NHANVIEN (MANV, TENNV, PHAI, NGAYSINH, DIACHI, SODT, LUONG, PHUCAP, VAITRO, PHG) 
VALUES ('NV6062', N'Nguyễn Đức Việt', N'Nam', to_date('12/12/1986', 'MM/DD/RRRR'), N'Thượng Nông, Na Hang, Tuyên Quang', '08008230290', '72156000', '968800', N'Nhân viên', 'PB0008');

INSERT INTO NHANVIEN (MANV, TENNV, PHAI, NGAYSINH, DIACHI, SODT, LUONG, PHUCAP, VAITRO, PHG) 
VALUES ('NV6090', N'Nguyễn Thị Hân', N'Nữ', to_date('08/20/1996', 'MM/DD/RRRR'), N'An Bình, Cao Lãnh, Đồng Tháp,77', '08813456647', '6743000', '178200', N'Nhân viên', 'PB0002');

INSERT INTO NHANVIEN (MANV, TENNV, PHAI, NGAYSINH, DIACHI, SODT, LUONG, PHUCAP, VAITRO, PHG) 
VALUES ('NV6204', N'Nguyễn Thị Tịch', N'Nam', to_date('12/25/1971', 'MM/DD/RRRR'), N'Trường Yên, Hoa Lư, Ninh Bình,BZESWJ', '03398004149', '76799000', '300600', N'Nhân viên', 'PB0003');

INSERT INTO NHANVIEN (MANV, TENNV, PHAI, NGAYSINH, DIACHI, SODT, LUONG, PHUCAP, VAITRO, PHG) 
VALUES ('NV6269', N'Nguyễn Thị Hoa Lệ', N'Nam', to_date('12/16/1998', 'MM/DD/RRRR'), N'Đông Sơn, Thuỷ Nguyên, Hải Phòng,S87', '09531674669', '84909000', '682600', N'Nhân viên', 'PB0003');

INSERT INTO NHANVIEN (MANV, TENNV, PHAI, NGAYSINH, DIACHI, SODT, LUONG, PHUCAP, VAITRO, PHG) 
VALUES ('NV6275', N'Nguyễn Thế Truyền', N'Nữ', to_date('12/21/1965', 'MM/DD/RRRR'), N'Tiến Thành, Phan Thiết, Bình Thuận,Q', '08861221105', '3410000', '106500', N'Nhân viên', 'PB0005');

INSERT INTO NHANVIEN (MANV, TENNV, PHAI, NGAYSINH, DIACHI, SODT, LUONG, PHUCAP, VAITRO, PHG) 
VALUES ('NV6284', N'Nguyễn Thị Trúc Linh', N'Nữ', to_date('08/22/1953', 'MM/DD/RRRR'), N'Đông Cuông, Văn Yên, Yên Bái,7MXDO', '09723845319', '70688000', '152400', N'Nhân viên', 'PB0007');

INSERT INTO NHANVIEN (MANV, TENNV, PHAI, NGAYSINH, DIACHI, SODT, LUONG, PHUCAP, VAITRO, PHG) 
VALUES ('NV6289', N'Nguyễn Đức Dụ', N'Nam', to_date('08/22/1953', 'MM/DD/RRRR'), N'Bình Xuân, Gò Công, Tiền Giang,Z4QZB', '09504580812', '3270000', '882800', N'Nhân viên', 'PB0001');

INSERT INTO NHANVIEN (MANV, TENNV, PHAI, NGAYSINH, DIACHI, SODT, LUONG, PHUCAP, VAITRO, PHG) 
VALUES ('NV6303', N'Nguyễn Thị Kim Yến', N'Nữ', to_date('01/28/2002', 'MM/DD/RRRR'), N'Tân Long, Tân Kỳ, Nghệ An,61', '09584618556', '8434000', '642000', N'Nhân viên', 'PB0007');

INSERT INTO NHANVIEN (MANV, TENNV, PHAI, NGAYSINH, DIACHI, SODT, LUONG, PHUCAP, VAITRO, PHG) 
VALUES ('NV6315', N'Nguyễn Thái Học', N'Nam', to_date('01/26/1999', 'MM/DD/RRRR'), N'Thu Phong, Cao Phong, Hoà Bình,TGN5', '08849231956', '7969000', '890700', N'Nhân viên', 'PB0008');

INSERT INTO NHANVIEN (MANV, TENNV, PHAI, NGAYSINH, DIACHI, SODT, LUONG, PHUCAP, VAITRO, PHG) 
VALUES ('NV6331', N'Nguyễn Văn Tân', N'Nữ', to_date('01/31/1964', 'MM/DD/RRRR'), N'Hiền Thành, Vĩnh Linh, Quảng Trị,T', '03774848211', '6140000', '641500', N'Nhân viên', 'PB0004');

INSERT INTO NHANVIEN (MANV, TENNV, PHAI, NGAYSINH, DIACHI, SODT, LUONG, PHUCAP, VAITRO, PHG) 
VALUES ('NV6346', N'Nguyễn Thị Vân', N'Nam', to_date('09/21/1970', 'MM/DD/RRRR'), N'Tân Thanh, Giồng Trôm, Bến Tre,QO5', '08040676743', '2266000', '402800', N'Nhân viên', 'PB0005');

INSERT INTO NHANVIEN (MANV, TENNV, PHAI, NGAYSINH, DIACHI, SODT, LUONG, PHUCAP, VAITRO, PHG) 
VALUES ('NV6369', N'Nguyễn Cương', N'Nam', to_date('08/18/1981', 'MM/DD/RRRR'), N'Bắc Lý, Kỳ Sơn, Nghệ An,BH1A', '08779056462', '23208000', NULL, N'Nhân viên', 'PB0007');

INSERT INTO NHANVIEN (MANV, TENNV, PHAI, NGAYSINH, DIACHI, SODT, LUONG, PHUCAP, VAITRO, PHG) 
VALUES ('NV6427', N'Nguyễn Thị Hoa Lệ', N'Nam', to_date('08/15/1972', 'MM/DD/RRRR'), N'Đồng Trạch, Bố Trạch, Quảng Bình,AE1M9', '03276425183', '4500000', '822700', N'Nhân viên', 'PB0001');

INSERT INTO NHANVIEN (MANV, TENNV, PHAI, NGAYSINH, DIACHI, SODT, LUONG, PHUCAP, VAITRO, PHG) 
VALUES ('NV6448', N'Nguyễn Đức Tẩn', N'Nữ', to_date('07/19/1959', 'MM/DD/RRRR'), N'Phước Lộc, Phước Sơn, Quảng Nam,SMQ48', '03139814669', '94898000', '801200', N'Nhân viên', 'PB0004');

INSERT INTO NHANVIEN (MANV, TENNV, PHAI, NGAYSINH, DIACHI, SODT, LUONG, PHUCAP, VAITRO, PHG) 
VALUES ('NV6452', N'Nguyễn Thị Thu Huệ', N'Nữ', to_date('05/12/1955', 'MM/DD/RRRR'), N'Tân Thành B, Tân Hồng, Đồng Tháp,1KIN1', '08219080583', '38432000', '141100', N'Nhân viên', 'PB0004');

INSERT INTO NHANVIEN (MANV, TENNV, PHAI, NGAYSINH, DIACHI, SODT, LUONG, PHUCAP, VAITRO, PHG) 
VALUES ('NV6498', N'Nguyễn Thị Phụng', N'Nữ', to_date('02/04/1956', 'MM/DD/RRRR'), N'Chiềng Ngần, Sơn La, Sơn La,W9', '09801951694', '7133000', '305100', N'Nhân viên', 'PB0008');

INSERT INTO NHANVIEN (MANV, TENNV, PHAI, NGAYSINH, DIACHI, SODT, LUONG, PHUCAP, VAITRO, PHG) 
VALUES ('NV6507', N'Nguyễn Hùng Sang', N'Nam', to_date('03/09/1991', 'MM/DD/RRRR'), N'Mai Trung, Hiệp Hòa, Bắc Giang,YS9', '03665987645', '15368000', '387200', N'Nhân viên', 'PB0008');

INSERT INTO NHANVIEN (MANV, TENNV, PHAI, NGAYSINH, DIACHI, SODT, LUONG, PHUCAP, VAITRO, PHG) 
VALUES ('NV6517', N'Nguyễn Kỹ', N'Nữ', to_date('03/18/1971', 'MM/DD/RRRR'), N'Đồng Cốc, Lục Ngạn, Bắc Giang,WF', '09386301160', '24873000', '841100', N'Nhân viên', 'PB0004');

INSERT INTO NHANVIEN (MANV, TENNV, PHAI, NGAYSINH, DIACHI, SODT, LUONG, PHUCAP, VAITRO, PHG) 
VALUES ('NV6577', N'Nguyễn Thị Sang', N'Nữ', to_date('08/02/1990', 'MM/DD/RRRR'), N'Duy Trung, Duy Xuyên, Quảng Nam,XWDX', '09930140735', '6448000', '120500', N'Nhân viên', 'PB0004');

INSERT INTO NHANVIEN (MANV, TENNV, PHAI, NGAYSINH, DIACHI, SODT, LUONG, PHUCAP, VAITRO, PHG) 
VALUES ('NV6587', N'Nguyễn Thị Dung', N'Nam', to_date('01/14/1979', 'MM/DD/RRRR'), N'Trung Chánh,Vũng Liêm, Vĩnh Long,M3L', '08703441874', '3501000', '470400', N'Nhân viên', 'PB0006');

INSERT INTO NHANVIEN (MANV, TENNV, PHAI, NGAYSINH, DIACHI, SODT, LUONG, PHUCAP, VAITRO, PHG) 
VALUES ('NV6600', N'Nguyễn Ngọc Ngoạn', N'Nam', to_date('07/02/1956', 'MM/DD/RRRR'), N'Tủa Chùa, Tủa Chùa, Điện Biên,K0S4', '03417285932', '34159000', '601800', N'Nhân viên', 'PB0006');

INSERT INTO NHANVIEN (MANV, TENNV, PHAI, NGAYSINH, DIACHI, SODT, LUONG, PHUCAP, VAITRO, PHG) 
VALUES ('NV6635', N'Nguyễn Thị Trọng', N'Nữ', to_date('06/06/1993', 'MM/DD/RRRR'), N'Tân Lập, Mộc Châu, Sơn La,I1Y3', '09327738187', '1411000', '302100', N'Nhân viên', 'PB0007');

INSERT INTO NHANVIEN (MANV, TENNV, PHAI, NGAYSINH, DIACHI, SODT, LUONG, PHUCAP, VAITRO, PHG) 
VALUES ('NV6640', N'Nguyễn Thị Thế', N'Nữ', to_date('12/09/1994', 'MM/DD/RRRR'), N'Bình Khánh, Cần Giờ, Hồ Chí Minh', '03390220991', '6392000', '718200', N'Nhân viên', 'PB0002');

INSERT INTO NHANVIEN (MANV, TENNV, PHAI, NGAYSINH, DIACHI, SODT, LUONG, PHUCAP, VAITRO, PHG) 
VALUES ('NV6644', N'Nguyễn Thám', N'Nữ', to_date('06/19/1971', 'MM/DD/RRRR'), N'Phú Thọ, Tam Nông, Đồng Tháp,8', '09676872239', '70159000', '762100', N'Nhân viên', 'PB0005');

INSERT INTO NHANVIEN (MANV, TENNV, PHAI, NGAYSINH, DIACHI, SODT, LUONG, PHUCAP, VAITRO, PHG) 
VALUES ('NV6657', N'Nguyễn Thế', N'Nam', to_date('11/12/2002', 'MM/DD/RRRR'), N'Phú Nhuận, Lục Ngạn, Bắc Giang,H8WI', '08300424577', '54232000', '976500', N'Nhân viên', 'PB0005');

INSERT INTO NHANVIEN (MANV, TENNV, PHAI, NGAYSINH, DIACHI, SODT, LUONG, PHUCAP, VAITRO, PHG) 
VALUES ('NV6693', N'Nguyễn Đức Tưởng', N'Nam', to_date('02/05/1969', 'MM/DD/RRRR'), N'Nghĩa Thành, Gia Nghĩa, Đắk Nông,AP', '09721743351', '84727000', '149700', N'Nhân viên', 'PB0006');

INSERT INTO NHANVIEN (MANV, TENNV, PHAI, NGAYSINH, DIACHI, SODT, LUONG, PHUCAP, VAITRO, PHG) 
VALUES ('NV6710', N'Nguyễn Thị Biểu', N'Nữ', to_date('12/02/1959', 'MM/DD/RRRR'), N'Minh Côi, Hạ Hoà, Phú Thọ,VCGGS', '03761085663', '5505000', '568400', N'Nhân viên', 'PB0001');

INSERT INTO NHANVIEN (MANV, TENNV, PHAI, NGAYSINH, DIACHI, SODT, LUONG, PHUCAP, VAITRO, PHG) 
VALUES ('NV6721', N'Nguyễn Thị Tính', N'Nữ', to_date('09/25/1985', 'MM/DD/RRRR'), N'Mễ Sở, Văn Giang, Hưng Yên,A', '08734779349', '4348000', '160900', N'Nhân viên', 'PB0005');

INSERT INTO NHANVIEN (MANV, TENNV, PHAI, NGAYSINH, DIACHI, SODT, LUONG, PHUCAP, VAITRO, PHG) 
VALUES ('NV6784', N'Nguyễn Cược', N'Nữ', to_date('05/26/1975', 'MM/DD/RRRR'), N'Vị Trung, Vị Thuỷ, Hậu Giang,8', '03751692964', '9792000', '258200', N'Nhân viên', 'PB0004');

INSERT INTO NHANVIEN (MANV, TENNV, PHAI, NGAYSINH, DIACHI, SODT, LUONG, PHUCAP, VAITRO, PHG) 
VALUES ('NV6818', N'Nguyễn Đức Hảo', N'Nam', to_date('12/04/1981', 'MM/DD/RRRR'), N'Thành Triệu, Châu Thành, Bến Tre,U9', '03231477328', '4354000', '766000', N'Nhân viên', 'PB0001');

INSERT INTO NHANVIEN (MANV, TENNV, PHAI, NGAYSINH, DIACHI, SODT, LUONG, PHUCAP, VAITRO, PHG) 
VALUES ('NV6825', N'Nguyễn Thị Kim Vân', N'Nam', to_date('08/25/1956', 'MM/DD/RRRR'), N'Ea T''Ling, Cư Jút, Đắk Nông,0S', '08051031188', '3764000', '312500', N'Nhân viên', 'PB0001');

INSERT INTO NHANVIEN (MANV, TENNV, PHAI, NGAYSINH, DIACHI, SODT, LUONG, PHUCAP, VAITRO, PHG) 
VALUES ('NV6903', N'Nguyễn Ột', N'Nữ', to_date('03/29/1967', 'MM/DD/RRRR'), N'Đông Yên, An Biên, Kiên Giang,ED5', '09781975930', '65531000', '396300', N'Nhân viên', 'PB0008');

INSERT INTO NHANVIEN (MANV, TENNV, PHAI, NGAYSINH, DIACHI, SODT, LUONG, PHUCAP, VAITRO, PHG) 
VALUES ('NV6924', N'Nguyễn Đức Nam', N'Nam', to_date('11/18/1977', 'MM/DD/RRRR'), N'Mồ Sì San, Phong Thổ, Lai Châu,0VHRME', '08261309643', '98175000', '921500', N'Nhân viên', 'PB0003');

INSERT INTO NHANVIEN (MANV, TENNV, PHAI, NGAYSINH, DIACHI, SODT, LUONG, PHUCAP, VAITRO, PHG) 
VALUES ('NV6938', N'Nguyễn Văn Sách', N'Nam', to_date('08/11/1990', 'MM/DD/RRRR'), N'Đức Thạnh, Mộ Đức, Quảng Ngãi', '03813477715', '9070000', '624900', N'Nhân viên', 'PB0008');

INSERT INTO NHANVIEN (MANV, TENNV, PHAI, NGAYSINH, DIACHI, SODT, LUONG, PHUCAP, VAITRO, PHG) 
VALUES ('NV6967', N'Nguyễn Thị Hậu', N'Nữ', to_date('11/16/1970', 'MM/DD/RRRR'), N'Hợp Thịnh, Hiệp Hòa, Bắc Giang', '03734839554', '7487000', '502400', N'Nhân viên', 'PB0001');

INSERT INTO NHANVIEN (MANV, TENNV, PHAI, NGAYSINH, DIACHI, SODT, LUONG, PHUCAP, VAITRO, PHG) 
VALUES ('NV6994', N'Nguyễn Ngọc Trân', N'Nam', to_date('06/20/1994', 'MM/DD/RRRR'), N'Thành Công, Ba Đình, Hà Nội,7CUUQ5', '09054134649', '32623000', '858000', N'Nhân viên', 'PB0007');

INSERT INTO NHANVIEN (MANV, TENNV, PHAI, NGAYSINH, DIACHI, SODT, LUONG, PHUCAP, VAITRO, PHG) 
VALUES ('NV7018', N'Nguyễn Tụ', N'Nam', to_date('01/30/2002', 'MM/DD/RRRR'), N'An Điền, Thạnh Phú, Bến Tre,Q', '09575899028', '45400000', '637900', N'Nhân viên', 'PB0007');

INSERT INTO NHANVIEN (MANV, TENNV, PHAI, NGAYSINH, DIACHI, SODT, LUONG, PHUCAP, VAITRO, PHG) 
VALUES ('NV7031', N'Nguyễn Thị Suối', N'Nam', to_date('06/07/1980', 'MM/DD/RRRR'), N'Dĩ An, Dĩ An, Bình Dương,W1W', '09577903019', '56920000', '956400', N'Nhân viên', 'PB0005');

INSERT INTO NHANVIEN (MANV, TENNV, PHAI, NGAYSINH, DIACHI, SODT, LUONG, PHUCAP, VAITRO, PHG) 
VALUES ('NV7049', N'Nguyễn Thị Kim Duyên', N'Nữ', to_date('01/16/1956', 'MM/DD/RRRR'), N'Sơn Bình, Khánh Sơn, Khánh Hòa,L', '09882743294', '3489000', '888600', N'Nhân viên', 'PB0008');

INSERT INTO NHANVIEN (MANV, TENNV, PHAI, NGAYSINH, DIACHI, SODT, LUONG, PHUCAP, VAITRO, PHG) 
VALUES ('NV7082', N'Nguyễn Thị Kim Loan', N'Nữ', to_date('09/24/1986', 'MM/DD/RRRR'), N'Nghinh Tường, Võ Nhai, Thái Nguyên,KV0NX7', '08031996372', '97599000', '975000', N'Nhân viên', 'PB0008');

INSERT INTO NHANVIEN (MANV, TENNV, PHAI, NGAYSINH, DIACHI, SODT, LUONG, PHUCAP, VAITRO, PHG) 
VALUES ('NV7137', N'Nguyễn Thị Kim', N'Nam', to_date('03/29/1964', 'MM/DD/RRRR'), N'Đoàn Kết, Lai Châu, Lai Châu,1SYIA8', '09317104615', '38739000', '547600', N'Nhân viên', 'PB0005');

INSERT INTO NHANVIEN (MANV, TENNV, PHAI, NGAYSINH, DIACHI, SODT, LUONG, PHUCAP, VAITRO, PHG) 
VALUES ('NV7138', N'Nguyễn Đức Gia', N'Nữ', to_date('01/24/1957', 'MM/DD/RRRR'), N'Tân Nhuận Đông, Châu Thành, Đồng Tháp,D4CE6', '09519302096', '70326000', '739900', N'Nhân viên', 'PB0008');

INSERT INTO NHANVIEN (MANV, TENNV, PHAI, NGAYSINH, DIACHI, SODT, LUONG, PHUCAP, VAITRO, PHG) 
VALUES ('NV7221', N'Nguyễn Minh Tâm', N'Nữ', to_date('12/17/1982', 'MM/DD/RRRR'), N'Trực Tuấn, Trực Ninh, Nam Định,NDE', '08194648718', '69306000', '340600', N'Nhân viên', 'PB0006');

INSERT INTO NHANVIEN (MANV, TENNV, PHAI, NGAYSINH, DIACHI, SODT, LUONG, PHUCAP, VAITRO, PHG) 
VALUES ('NV7228', N'Nguyễn Thị Sang', N'Nam', to_date('02/17/1983', 'MM/DD/RRRR'), N'Bình Hòa, Tây Sơn, Bình Định,G', '08823926478', '6109000', '763600', N'Nhân viên', 'PB0001');

INSERT INTO NHANVIEN (MANV, TENNV, PHAI, NGAYSINH, DIACHI, SODT, LUONG, PHUCAP, VAITRO, PHG) 
VALUES ('NV7302', N'Nguyễn Thị Dung', N'Nữ', to_date('08/18/1995', 'MM/DD/RRRR'), N'Trân Châu, Cát Hải, Hải Phòng,2', '09816313768', '6486000', '464100', N'Nhân viên', 'PB0002');

INSERT INTO NHANVIEN (MANV, TENNV, PHAI, NGAYSINH, DIACHI, SODT, LUONG, PHUCAP, VAITRO, PHG) 
VALUES ('NV7337', N'Nguyễn Văn Nhứt', N'Nam', to_date('04/11/2003', 'MM/DD/RRRR'), N'Hòa Bình, Trà Ôn, Vĩnh Long,2P', '09401172352', '41193000', '869000', N'Nhân viên', 'PB0001');

INSERT INTO NHANVIEN (MANV, TENNV, PHAI, NGAYSINH, DIACHI, SODT, LUONG, PHUCAP, VAITRO, PHG) 
VALUES ('NV7341', N'Nguyễn Ngọc Thống', N'Nữ', to_date('07/04/1986', 'MM/DD/RRRR'), N'Yên Thổ, Bảo Lâm, Cao Bằng,FQYAF9', '03762151831', '9571000', '350500', N'Nhân viên', 'PB0005');

INSERT INTO NHANVIEN (MANV, TENNV, PHAI, NGAYSINH, DIACHI, SODT, LUONG, PHUCAP, VAITRO, PHG) 
VALUES ('NV7346', N'Nguyễn Văn Nhân', N'Nữ', to_date('05/15/1960', 'MM/DD/RRRR'), N'Đắk Dục, Ngọc Hồi, Kon Tum,E', '08435966636', '53396000', '484300', N'Nhân viên', 'PB0008');

INSERT INTO NHANVIEN (MANV, TENNV, PHAI, NGAYSINH, DIACHI, SODT, LUONG, PHUCAP, VAITRO, PHG) 
VALUES ('NV7347', N'Nguyễn Đinh', N'Nữ', to_date('09/03/1994', 'MM/DD/RRRR'), N'Tân Sơn, Thanh Hóa, Thanh Hóa,X2IHN', '03673221838', '28107000', '574900', N'Nhân viên', 'PB0001');

INSERT INTO NHANVIEN (MANV, TENNV, PHAI, NGAYSINH, DIACHI, SODT, LUONG, PHUCAP, VAITRO, PHG) 
VALUES ('NV7372', N'Nguyễn Thị Kim My', N'Nam', to_date('05/18/1979', 'MM/DD/RRRR'), N'Khánh Thiện, Lục Yên, Yên Bái,UY', '03619297927', '83756000', '854200', N'Nhân viên', 'PB0007');

INSERT INTO NHANVIEN (MANV, TENNV, PHAI, NGAYSINH, DIACHI, SODT, LUONG, PHUCAP, VAITRO, PHG) 
VALUES ('NV7374', N'Nguyễn Thị Lục', N'Nam', to_date('04/11/1971', 'MM/DD/RRRR'), N'Thanh Hối, Tân Lạc, Hoà Bình,T9BU0', '09992652036', '43688000', '150800', N'Nhân viên', 'PB0008');

INSERT INTO NHANVIEN (MANV, TENNV, PHAI, NGAYSINH, DIACHI, SODT, LUONG, PHUCAP, VAITRO, PHG) 
VALUES ('NV7525', N'Nguyễn Duy Trinh', N'Nam', to_date('05/12/1962', 'MM/DD/RRRR'), N'Sịa, Quảng Điền, Thừa Thiên Huế,IS', '03871361301', '9104000', '523700', N'Nhân viên', 'PB0001');

INSERT INTO NHANVIEN (MANV, TENNV, PHAI, NGAYSINH, DIACHI, SODT, LUONG, PHUCAP, VAITRO, PHG) 
VALUES ('NV7540', N'Nguyễn Thị Suối', N'Nữ', to_date('05/22/1959', 'MM/DD/RRRR'), N'Phúc Khánh, Yên Lập, Phú Thọ,X', '03995527119', '55844000', '355900', N'Nhân viên', 'PB0003');

INSERT INTO NHANVIEN (MANV, TENNV, PHAI, NGAYSINH, DIACHI, SODT, LUONG, PHUCAP, VAITRO, PHG) 
VALUES ('NV7625', N'Nguyễn Kịch', N'Nam', to_date('12/01/1973', 'MM/DD/RRRR'), N'Lộc Phát, Bảo Lộc, Lâm Đồng,ZUDCU', '03945257818', '6075000', '730600', N'Nhân viên', 'PB0007');

INSERT INTO NHANVIEN (MANV, TENNV, PHAI, NGAYSINH, DIACHI, SODT, LUONG, PHUCAP, VAITRO, PHG) 
VALUES ('NV7819', NULL, N'Nam', to_date('10/17/1961', 'MM/DD/RRRR'), N'Tạ Xá, Cẩm Khê, Phú Thọ,RM', '08402236594', '8824000', '228900', N'Nhân viên', 'PB0008');

INSERT INTO NHANVIEN (MANV, TENNV, PHAI, NGAYSINH, DIACHI, SODT, LUONG, PHUCAP, VAITRO, PHG) 
VALUES ('NV7849', N'Nguyễn Đôn', N'Nữ', to_date('07/23/1953', 'MM/DD/RRRR'), N'An Dương, Tân Yên, Bắc Giang,U', '08813167389', '5818000', '645000', N'Nhân viên', 'PB0003');

INSERT INTO NHANVIEN (MANV, TENNV, PHAI, NGAYSINH, DIACHI, SODT, LUONG, PHUCAP, VAITRO, PHG) 
VALUES ('NV7869', N'Nguyễn Đức Tân', N'Nữ', to_date('04/06/2000', 'MM/DD/RRRR'), N'Bắc Hưng, Tiên Lãng, Hải Phòng,6', '03126295479', '76471000', '543400', N'Nhân viên', 'PB0002');

INSERT INTO NHANVIEN (MANV, TENNV, PHAI, NGAYSINH, DIACHI, SODT, LUONG, PHUCAP, VAITRO, PHG) 
VALUES ('NV7879', N'Nguyễn Thị Chạy', N'Nam', to_date('12/22/1981', 'MM/DD/RRRR'), N'Lái Thiêu, Thuận An, Bình Dương,ZPBKTI', '09390350305', '2836000', '947600', N'Nhân viên', 'PB0004');

INSERT INTO NHANVIEN (MANV, TENNV, PHAI, NGAYSINH, DIACHI, SODT, LUONG, PHUCAP, VAITRO, PHG) 
VALUES ('NV7888', N'Nguyễn Đức Khách', N'Nam', to_date('04/03/1965', 'MM/DD/RRRR'), N'Quang Lịch, Kiến Xương, Thái Bình', '03246447867', '1654000', '267600', N'Nhân viên', 'PB0006');

INSERT INTO NHANVIEN (MANV, TENNV, PHAI, NGAYSINH, DIACHI, SODT, LUONG, PHUCAP, VAITRO, PHG) 
VALUES ('NV7939', N'Nguyễn Anh Thi', N'Nam', to_date('08/20/1986', 'MM/DD/RRRR'), N'Quảng Hòa, Quảng Xương, Thanh Hóa', '09493438200', '80088000', '731100', N'Nhân viên', 'PB0007');

INSERT INTO NHANVIEN (MANV, TENNV, PHAI, NGAYSINH, DIACHI, SODT, LUONG, PHUCAP, VAITRO, PHG) 
VALUES ('NV7978', N'Nguyễn Thị Chinh', N'Nữ', to_date('09/24/1985', 'MM/DD/RRRR'), N'Việt Hưng, Hạ Long, Quảng Ninh,A2', '08935718447', '70406000', '772000', N'Nhân viên', 'PB0001');

INSERT INTO NHANVIEN (MANV, TENNV, PHAI, NGAYSINH, DIACHI, SODT, LUONG, PHUCAP, VAITRO, PHG) 
VALUES ('NV7992', N'Nguyễn Thị Sự', N'Nam', to_date('09/16/2002', 'MM/DD/RRRR'), N'Vĩnh Bình, Vĩnh Hưng, Long An,D', '08396730322', '70171000', '726100', N'Nhân viên', 'PB0001');

INSERT INTO NHANVIEN (MANV, TENNV, PHAI, NGAYSINH, DIACHI, SODT, LUONG, PHUCAP, VAITRO, PHG) 
VALUES ('NV8001', N'Nguyễn Đức', N'Nam', to_date('03/17/1989', 'MM/DD/RRRR'), N'Cồn Thoi, Kim Sơn, Ninh Bình,Z8K', '08493367667', '23172000', '179800', N'Nhân viên', 'PB0001');

INSERT INTO NHANVIEN (MANV, TENNV, PHAI, NGAYSINH, DIACHI, SODT, LUONG, PHUCAP, VAITRO, PHG) 
VALUES ('NV8004', N'Nguyễn Đức Nghiêm', N'Nam', to_date('12/11/1975', 'MM/DD/RRRR'), N'Hòa Hội, Phú Hoà, Phú Yên,QRFY', '08762159427', '9177000', '773100', N'Nhân viên', 'PB0008');

INSERT INTO NHANVIEN (MANV, TENNV, PHAI, NGAYSINH, DIACHI, SODT, LUONG, PHUCAP, VAITRO, PHG) 
VALUES ('NV8017', N'Nguyễn Thế Tuyên', N'Nam', to_date('11/05/1989', 'MM/DD/RRRR'), N'Ea Tiêu, Cư Kuin, Đắk Lắk,U2NJX', '03677090635', '20065000', '891600', N'Nhân viên', 'PB0007');

INSERT INTO NHANVIEN (MANV, TENNV, PHAI, NGAYSINH, DIACHI, SODT, LUONG, PHUCAP, VAITRO, PHG) 
VALUES ('NV8020', N'Nguyễn Thị Thùy Trang', N'Nam', to_date('01/08/1989', 'MM/DD/RRRR'), N'Lương Bình, Bến Lức, Long An,KB1M', '03641485664', '6023000', '344900', N'Nhân viên', 'PB0001');

INSERT INTO NHANVIEN (MANV, TENNV, PHAI, NGAYSINH, DIACHI, SODT, LUONG, PHUCAP, VAITRO, PHG) 
VALUES ('NV8045', N'Nguyễn Thị Luyến', N'Nam', to_date('05/23/1956', 'MM/DD/RRRR'), N'Song Hồ, Thuận Thành, Bắc Ninh,KU7', '08043048905', '10986000', '270700', N'Nhân viên', 'PB0006');

INSERT INTO NHANVIEN (MANV, TENNV, PHAI, NGAYSINH, DIACHI, SODT, LUONG, PHUCAP, VAITRO, PHG) 
VALUES ('NV8068', N'Nguyễn Đức Tiệu', N'Nam', to_date('11/21/1999', 'MM/DD/RRRR'), N'Đại Thắng, Đại Lộc, Quảng Nam,CPX', '08316446435', '52209000', '718600', N'Nhân viên', 'PB0005');

INSERT INTO NHANVIEN (MANV, TENNV, PHAI, NGAYSINH, DIACHI, SODT, LUONG, PHUCAP, VAITRO, PHG) 
VALUES ('NV8208', N'Nguyễn Đức Trực', N'Nữ', to_date('10/30/1993', 'MM/DD/RRRR'), N'Nghĩa Lộ, Quảng Ngãi, Quảng Ngãi,2', '09623671436', '33383000', '960900', N'Nhân viên', 'PB0007');

INSERT INTO NHANVIEN (MANV, TENNV, PHAI, NGAYSINH, DIACHI, SODT, LUONG, PHUCAP, VAITRO, PHG) 
VALUES ('NV8240', N'Nguyễn Vinh', N'Nam', to_date('08/17/1975', 'MM/DD/RRRR'), N'Hòa Hội, Châu Thành, Tây Ninh,0YT6M', '03292690642', '6070000', '354900', N'Nhân viên', 'PB0008');

INSERT INTO NHANVIEN (MANV, TENNV, PHAI, NGAYSINH, DIACHI, SODT, LUONG, PHUCAP, VAITRO, PHG) 
VALUES ('NV8261', N'Nguyễn Thị Luyến', N'Nam', to_date('10/16/1988', 'MM/DD/RRRR'), N'Hùng Cường, Hưng Yên, Hưng Yên,89', '09858749284', '32214000', '676400', N'Nhân viên', 'PB0008');

INSERT INTO NHANVIEN (MANV, TENNV, PHAI, NGAYSINH, DIACHI, SODT, LUONG, PHUCAP, VAITRO, PHG) 
VALUES ('NV8281', N'Nguyễn Tựu', N'Nữ', to_date('09/29/1979', 'MM/DD/RRRR'), N'Hiệp Hòa, Quảng Yên, Quảng Ninh,P', '03711791550', '65248000', '388900', N'Nhân viên', 'PB0007');

INSERT INTO NHANVIEN (MANV, TENNV, PHAI, NGAYSINH, DIACHI, SODT, LUONG, PHUCAP, VAITRO, PHG) 
VALUES ('NV8348', N'Nguyễn Khắc Hiếu', N'Nữ', to_date('09/06/1979', 'MM/DD/RRRR'), N'An Thắng, An Lão, Hải Phòng', '08245535764', '11385000', '529400', N'Nhân viên', 'PB0004');

INSERT INTO NHANVIEN (MANV, TENNV, PHAI, NGAYSINH, DIACHI, SODT, LUONG, PHUCAP, VAITRO, PHG) 
VALUES ('NV8370', N'Nguyễn Thị Nhàn', N'Nữ', to_date('08/29/1990', 'MM/DD/RRRR'), N'Tỏa Tình, Tuần Giáo, Điện Biên,23CZR', '08415443483', '31143000', '109300', N'Nhân viên', 'PB0002');

INSERT INTO NHANVIEN (MANV, TENNV, PHAI, NGAYSINH, DIACHI, SODT, LUONG, PHUCAP, VAITRO, PHG) 
VALUES ('NV8388', N'Nguyễn Văn Mức', N'Nam', to_date('07/05/2002', 'MM/DD/RRRR'), N'An Lạc Tây, Kế Sách, Sóc Trăng,200Y', '03309576564', '69732000', '659400', N'Nhân viên', 'PB0003');

INSERT INTO NHANVIEN (MANV, TENNV, PHAI, NGAYSINH, DIACHI, SODT, LUONG, PHUCAP, VAITRO, PHG) 
VALUES ('NV8406', N'Nguyễn Thị Vân', N'Nữ', to_date('09/30/1954', 'MM/DD/RRRR'), N'Bình Ngọc, Tuy Hoà, Phú Yên,BA', '08580107630', '2429000', '909400', N'Nhân viên', 'PB0008');

INSERT INTO NHANVIEN (MANV, TENNV, PHAI, NGAYSINH, DIACHI, SODT, LUONG, PHUCAP, VAITRO, PHG) 
VALUES ('NV8417', N'Nguyễn Đức Giáo Hoàng', N'Nam', to_date('01/22/1998', 'MM/DD/RRRR'), N'Đắk Tơ Lung, Kon Rẫy, Kon Tum,EN', '03619102985', '4595000', '320400', N'Nhân viên', 'PB0002');

INSERT INTO NHANVIEN (MANV, TENNV, PHAI, NGAYSINH, DIACHI, SODT, LUONG, PHUCAP, VAITRO, PHG) 
VALUES ('NV8419', N'Nguyễn Yêm', N'Nữ', to_date('07/11/2002', 'MM/DD/RRRR'), N'Cẩm Thanh, Hội An, Quảng Nam', '08177910182', '7151000', '768400', N'Nhân viên', 'PB0003');

INSERT INTO NHANVIEN (MANV, TENNV, PHAI, NGAYSINH, DIACHI, SODT, LUONG, PHUCAP, VAITRO, PHG) 
VALUES ('NV8442', N'Nguyễn Thị Hoan', N'Nữ', to_date('09/20/1993', 'MM/DD/RRRR'), N'Khánh Dương, Yên Mô, Ninh Bình,U', '09011461622', '36165000', '948700', N'Nhân viên', 'PB0006');

INSERT INTO NHANVIEN (MANV, TENNV, PHAI, NGAYSINH, DIACHI, SODT, LUONG, PHUCAP, VAITRO, PHG) 
VALUES ('NV8507', N'Nguyễn Đức Hiền', N'Nữ', to_date('02/12/1989', 'MM/DD/RRRR'), N'Vân Hòa, Ba Vì, Hà Nội', '08220977415', '3734000', '619100', N'Nhân viên', 'PB0004');

INSERT INTO NHANVIEN (MANV, TENNV, PHAI, NGAYSINH, DIACHI, SODT, LUONG, PHUCAP, VAITRO, PHG) 
VALUES ('NV8522', N'Nguyễn Thị Dung', N'Nữ', to_date('09/11/1967', 'MM/DD/RRRR'), N'Phú Cường, Cai Lậy, Tiền Giang,5HA', '09339139586', '3683000', '238000', N'Nhân viên', 'PB0002');

INSERT INTO NHANVIEN (MANV, TENNV, PHAI, NGAYSINH, DIACHI, SODT, LUONG, PHUCAP, VAITRO, PHG) 
VALUES ('NV8540', N'Nguyễn Miễn', N'Nữ', to_date('07/30/1965', 'MM/DD/RRRR'), N'Tam Phước, Châu Thành, Bến Tre,FHB', '08107808139', '83856000', '236800', N'Nhân viên', 'PB0006');

INSERT INTO NHANVIEN (MANV, TENNV, PHAI, NGAYSINH, DIACHI, SODT, LUONG, PHUCAP, VAITRO, PHG) 
VALUES ('NV8562', N'Nguyễn Tăng Mai Châu', N'Nữ', to_date('02/19/1983', 'MM/DD/RRRR'), N'Thạnh Phú, Vĩnh Cửu, Đồng Nai,IS', '08016226313', '28445000', '167000', N'Nhân viên', 'PB0002');

INSERT INTO NHANVIEN (MANV, TENNV, PHAI, NGAYSINH, DIACHI, SODT, LUONG, PHUCAP, VAITRO, PHG) 
VALUES ('NV8587', N'Nguyễn Thị Phỉ', N'Nam', to_date('11/14/1971', 'MM/DD/RRRR'), N'Tây Tiến, Tiền Hải, Thái Bình', '08780735103', '48961000', '288900', N'Nhân viên', 'PB0008');

INSERT INTO NHANVIEN (MANV, TENNV, PHAI, NGAYSINH, DIACHI, SODT, LUONG, PHUCAP, VAITRO, PHG) 
VALUES ('NV8627', N'Nguyễn Thị Đào', N'Nam', to_date('07/21/2000', 'MM/DD/RRRR'), N'Long An, Tân Châu, An Giang,XGI', '09128954240', '57328000', '749200', N'Nhân viên', 'PB0007');

INSERT INTO NHANVIEN (MANV, TENNV, PHAI, NGAYSINH, DIACHI, SODT, LUONG, PHUCAP, VAITRO, PHG) 
VALUES ('NV8640', N'Nguyễn Thị Thu Thủy', N'Nam', to_date('12/29/1990', 'MM/DD/RRRR'), N'Phường 03, Quận 10, Hồ Chí Minh,0J', '03355988439', '4921000', '492400', N'Nhân viên', 'PB0004');

INSERT INTO NHANVIEN (MANV, TENNV, PHAI, NGAYSINH, DIACHI, SODT, LUONG, PHUCAP, VAITRO, PHG) 
VALUES ('NV8650', N'Nguyễn Tần', N'Nữ', to_date('09/15/1972', 'MM/DD/RRRR'), N'Lộc Thành, Lộc Ninh, Bình Phước,F', '03483632580', '2432000', '340000', N'Nhân viên', 'PB0008');

INSERT INTO NHANVIEN (MANV, TENNV, PHAI, NGAYSINH, DIACHI, SODT, LUONG, PHUCAP, VAITRO, PHG) 
VALUES ('NV8661', N'Nguyễn Đức Thắng', N'Nam', to_date('06/24/1962', 'MM/DD/RRRR'), N'Đông Sơn, A Lưới, Thừa Thiên Huế', '03943534276', '74141000', '782600', N'Nhân viên', 'PB0006');

INSERT INTO NHANVIEN (MANV, TENNV, PHAI, NGAYSINH, DIACHI, SODT, LUONG, PHUCAP, VAITRO, PHG) 
VALUES ('NV8666', N'Nguyễn Đức Chí Công', N'Nữ', to_date('06/03/2001', 'MM/DD/RRRR'), N'Hòa Thạnh, Tân Phú, Hồ Chí Minh,0787B', '03993279045', '21227000', '766400', N'Nhân viên', 'PB0002');

INSERT INTO NHANVIEN (MANV, TENNV, PHAI, NGAYSINH, DIACHI, SODT, LUONG, PHUCAP, VAITRO, PHG) 
VALUES ('NV8687', N'Nguyễn Đức', N'Nam', to_date('04/27/1983', 'MM/DD/RRRR'), N'Định Thành, Thoại Sơn, An Giang', '09994420758', '7384000', '468500', N'Nhân viên', 'PB0008');

INSERT INTO NHANVIEN (MANV, TENNV, PHAI, NGAYSINH, DIACHI, SODT, LUONG, PHUCAP, VAITRO, PHG) 
VALUES ('NV8697', N'Nguyễn Thị Sinh Tấm', N'Nam', to_date('09/06/1990', 'MM/DD/RRRR'), N'Hóa Hợp, Minh Hóa, Quảng Bình,LZE5', '03753849751', '1422000', '946500', N'Nhân viên', 'PB0001');

INSERT INTO NHANVIEN (MANV, TENNV, PHAI, NGAYSINH, DIACHI, SODT, LUONG, PHUCAP, VAITRO, PHG) 
VALUES ('NV8717', N'Nguyễn Tụ', N'Nữ', to_date('01/19/1962', 'MM/DD/RRRR'), N'Lộc Quang, Lộc Ninh, Bình Phước,70L', '08230984405', '6799000', '489800', N'Nhân viên', 'PB0002');

INSERT INTO NHANVIEN (MANV, TENNV, PHAI, NGAYSINH, DIACHI, SODT, LUONG, PHUCAP, VAITRO, PHG) 
VALUES ('NV8735', N'Nguyễn Kích', N'Nam', to_date('11/08/1980', 'MM/DD/RRRR'), N'Đức Phổ, Cát Tiên, Lâm Đồng', '09396821470', '82672000', '199500', N'Nhân viên', 'PB0002');

INSERT INTO NHANVIEN (MANV, TENNV, PHAI, NGAYSINH, DIACHI, SODT, LUONG, PHUCAP, VAITRO, PHG) 
VALUES ('NV8736', N'Nguyễn Duy Thoại', N'Nam', to_date('03/26/1958', 'MM/DD/RRRR'), N'Long Hưng, Phú Riềng, Bình Phước,HFHI', '08053006457', '7093000', NULL, N'Nhân viên', 'PB0008');

INSERT INTO NHANVIEN (MANV, TENNV, PHAI, NGAYSINH, DIACHI, SODT, LUONG, PHUCAP, VAITRO, PHG) 
VALUES ('NV8763', N'Nguyễn Thị Thảo', N'Nam', to_date('01/12/1981', 'MM/DD/RRRR'), N'An Lương, Văn Chấn, Yên Bái,O4', '03024873288', '90772000', '673700', N'Nhân viên', 'PB0007');

INSERT INTO NHANVIEN (MANV, TENNV, PHAI, NGAYSINH, DIACHI, SODT, LUONG, PHUCAP, VAITRO, PHG) 
VALUES ('NV8772', N'Nguyễn Thị Thị', N'Nam', to_date('01/31/1990', 'MM/DD/RRRR'), N'Chiềng Cơi, Sơn La, Sơn La,IR', '03825492797', '46179000', '432000', N'Nhân viên', 'PB0008');

INSERT INTO NHANVIEN (MANV, TENNV, PHAI, NGAYSINH, DIACHI, SODT, LUONG, PHUCAP, VAITRO, PHG) 
VALUES ('NV8828', N'Nguyễn Đức Thịnh', N'Nam', to_date('10/28/1957', 'MM/DD/RRRR'), N'Động Quan, Lục Yên, Yên Bái', '08903533916', '20030000', '738500', N'Nhân viên', 'PB0008');

INSERT INTO NHANVIEN (MANV, TENNV, PHAI, NGAYSINH, DIACHI, SODT, LUONG, PHUCAP, VAITRO, PHG) 
VALUES ('NV8858', N'Nguyễn Đức Hồng Y', N'Nam', to_date('12/04/1986', 'MM/DD/RRRR'), N'Lai Hạ, Lương Tài, Bắc Ninh,YE', '03590558509', '7730000', '509300', N'Nhân viên', 'PB0004');

INSERT INTO NHANVIEN (MANV, TENNV, PHAI, NGAYSINH, DIACHI, SODT, LUONG, PHUCAP, VAITRO, PHG) 
VALUES ('NV8890', N'Nguyễn Thị Đóng', N'Nam', to_date('08/08/1979', 'MM/DD/RRRR'), N'Ba Ngạc, Ba Tơ, Quảng Ngãi,EZI', '03119391605', '14444000', '845400', N'Nhân viên', 'PB0002');

INSERT INTO NHANVIEN (MANV, TENNV, PHAI, NGAYSINH, DIACHI, SODT, LUONG, PHUCAP, VAITRO, PHG) 
VALUES ('NV8891', N'Nguyễn Tăng Mai Trang', N'Nam', to_date('02/29/1960', 'MM/DD/RRRR'), N'Nhơn Thạnh, Bến Tre, Bến Tre,FTQA', '09186372067', '9993000', '971200', N'Nhân viên', 'PB0007');

INSERT INTO NHANVIEN (MANV, TENNV, PHAI, NGAYSINH, DIACHI, SODT, LUONG, PHUCAP, VAITRO, PHG) 
VALUES ('NV8897', N'Nguyễn Xin', N'Nữ', to_date('02/02/1988', 'MM/DD/RRRR'), N'Mường Lèo, Sốp Cộp, Sơn La', '09813442395', '8412000', '935000', N'Nhân viên', 'PB0004');

INSERT INTO NHANVIEN (MANV, TENNV, PHAI, NGAYSINH, DIACHI, SODT, LUONG, PHUCAP, VAITRO, PHG) 
VALUES ('NV8955', N'Nguyễn Yêm', N'Nữ', to_date('08/10/1989', 'MM/DD/RRRR'), N'Thành Phước, Bình Minh, Vĩnh Long,AA', '08220506945', '7696000', '412000', N'Nhân viên', 'PB0005');

INSERT INTO NHANVIEN (MANV, TENNV, PHAI, NGAYSINH, DIACHI, SODT, LUONG, PHUCAP, VAITRO, PHG) 
VALUES ('NV9046', N'Nguyễn Thiều Tuân', N'Nữ', to_date('01/29/1958', 'MM/DD/RRRR'), N'Cây Trường II, Bàu Bàng, Bình Dương,9A4M', '08187240096', '1347000', '623300', N'Nhân viên', 'PB0006');

INSERT INTO NHANVIEN (MANV, TENNV, PHAI, NGAYSINH, DIACHI, SODT, LUONG, PHUCAP, VAITRO, PHG) 
VALUES ('NV9066', N'Nguyễn Thị Mai Thủy', N'Nữ', to_date('11/24/2001', 'MM/DD/RRRR'), N'Cổ Linh, Pác Nặm, Bắc Kạn,NITV37', '09127671102', '12408000', '972800', N'Nhân viên', 'PB0005');

INSERT INTO NHANVIEN (MANV, TENNV, PHAI, NGAYSINH, DIACHI, SODT, LUONG, PHUCAP, VAITRO, PHG) 
VALUES ('NV9072', N'Nguyễn Thị Quyến', N'Nữ', to_date('03/20/1962', 'MM/DD/RRRR'), N'Gia Minh, Gia Viễn, Ninh Bình,V2UQRG', '09848506027', '4712000', '473900', N'Nhân viên', 'PB0008');

INSERT INTO NHANVIEN (MANV, TENNV, PHAI, NGAYSINH, DIACHI, SODT, LUONG, PHUCAP, VAITRO, PHG) 
VALUES ('NV9081', N'Nguyễn Đinh', N'Nam', to_date('11/18/1966', 'MM/DD/RRRR'), N'Đức Minh, Mộ Đức, Quảng Ngãi,YHQIVC', '03085287789', '4104000', '346600', N'Nhân viên', 'PB0007');

INSERT INTO NHANVIEN (MANV, TENNV, PHAI, NGAYSINH, DIACHI, SODT, LUONG, PHUCAP, VAITRO, PHG) 
VALUES ('NV9144', N'Nguyễn Đức Thân', N'Nam', to_date('06/03/1996', 'MM/DD/RRRR'), N'Nhân Hòa, Mỹ Hào, Hưng Yên,841L0', '09993471567', '89234000', '691900', N'Nhân viên', 'PB0006');

INSERT INTO NHANVIEN (MANV, TENNV, PHAI, NGAYSINH, DIACHI, SODT, LUONG, PHUCAP, VAITRO, PHG) 
VALUES ('NV9148', N'Nguyễn Thái', N'Nam', to_date('09/07/2002', 'MM/DD/RRRR'), N'Hữu Hoà, Thanh Trì, Hà Nội,2BCUB', '03631722615', '57039000', '863600', N'Nhân viên', 'PB0004');

INSERT INTO NHANVIEN (MANV, TENNV, PHAI, NGAYSINH, DIACHI, SODT, LUONG, PHUCAP, VAITRO, PHG) 
VALUES ('NV9188', N'Nguyễn Thị Linh', N'Nữ', to_date('08/10/1959', 'MM/DD/RRRR'), N'Hưng Đạo, Tiên Lữ, Hưng Yên,QML', '08250106922', '5356000', '940000', N'Nhân viên', 'PB0001');

INSERT INTO NHANVIEN (MANV, TENNV, PHAI, NGAYSINH, DIACHI, SODT, LUONG, PHUCAP, VAITRO, PHG) 
VALUES ('NV9248', N'Nguyễn Thị Bửu', N'Nữ', to_date('01/04/1992', 'MM/DD/RRRR'), N'Đông Thọ, Thái Bình, Thái Bình,W5GI0', '03451009995', '8433000', '150600', N'Nhân viên', 'PB0002');

INSERT INTO NHANVIEN (MANV, TENNV, PHAI, NGAYSINH, DIACHI, SODT, LUONG, PHUCAP, VAITRO, PHG) 
VALUES ('NV9265', N'Nguyễn Thị Phụng', N'Nữ', to_date('09/11/1974', 'MM/DD/RRRR'), N'Thanh Uyên, Tam Nông, Phú Thọ,R2R7I1', '08944282396', '9771000', '618000', N'Nhân viên', 'PB0001');

INSERT INTO NHANVIEN (MANV, TENNV, PHAI, NGAYSINH, DIACHI, SODT, LUONG, PHUCAP, VAITRO, PHG) 
VALUES ('NV9412', N'Nguyễn Tăng Mai Trang', N'Nữ', to_date('06/13/1991', 'MM/DD/RRRR'), N'Phú Lương, Hà Đông, Hà Nội', '03260461694', '65131000', '788700', N'Nhân viên', 'PB0001');

INSERT INTO NHANVIEN (MANV, TENNV, PHAI, NGAYSINH, DIACHI, SODT, LUONG, PHUCAP, VAITRO, PHG) 
VALUES ('NV9449', N'Nguyễn Thị Hà', N'Nam', to_date('04/13/1955', 'MM/DD/RRRR'), N'Cát Hải, Phù Cát, Bình Định', '03503029694', '88581000', '521300', N'Nhân viên', 'PB0007');

INSERT INTO NHANVIEN (MANV, TENNV, PHAI, NGAYSINH, DIACHI, SODT, LUONG, PHUCAP, VAITRO, PHG) 
VALUES ('NV9462', N'Nguyễn Thị Tam', N'Nam', to_date('01/25/1983', 'MM/DD/RRRR'), N'Hưng Định, Thuận An, Bình Dương,YQWZMB', '09325439011', '59137000', '902800', N'Nhân viên', 'PB0002');

INSERT INTO NHANVIEN (MANV, TENNV, PHAI, NGAYSINH, DIACHI, SODT, LUONG, PHUCAP, VAITRO, PHG) 
VALUES ('NV9501', N'Nguyễn Thị Kim Duyên', N'Nữ', to_date('11/12/1973', 'MM/DD/RRRR'), N'Tân Nhựt, Bình Chánh, Hồ Chí Minh,3R', '08977727059', '7615000', '627000', N'Nhân viên', 'PB0001');

INSERT INTO NHANVIEN (MANV, TENNV, PHAI, NGAYSINH, DIACHI, SODT, LUONG, PHUCAP, VAITRO, PHG) 
VALUES ('NV9519', N'Nguyễn Thị Ngà', N'Nam', to_date('04/14/1994', 'MM/DD/RRRR'), N'Hoằng Yến, Hoằng Hóa, Thanh Hóa', '09064205589', '2871000', '517000', N'Nhân viên', 'PB0006');

INSERT INTO NHANVIEN (MANV, TENNV, PHAI, NGAYSINH, DIACHI, SODT, LUONG, PHUCAP, VAITRO, PHG) 
VALUES ('NV9525', N'Nguyễn Đức Phú', N'Nam', to_date('07/17/1998', 'MM/DD/RRRR'), N'Quới Thiện,Vũng Liêm, Vĩnh Long,B68', '08978614616', '50358000', '100000', N'Nhân viên', 'PB0001');

INSERT INTO NHANVIEN (MANV, TENNV, PHAI, NGAYSINH, DIACHI, SODT, LUONG, PHUCAP, VAITRO, PHG) 
VALUES ('NV9617', N'Nguyễn Chương', N'Nam', to_date('01/19/1963', 'MM/DD/RRRR'), N'Phước Lý, Cần Giuộc, Long An,9W', '08556857187', '34676000', '884900', N'Nhân viên', 'PB0004');

INSERT INTO NHANVIEN (MANV, TENNV, PHAI, NGAYSINH, DIACHI, SODT, LUONG, PHUCAP, VAITRO, PHG) 
VALUES ('NV9631', N'Nguyễn Anh Khoa', N'Nữ', to_date('06/12/1961', 'MM/DD/RRRR'), N'Nậm Chạc, Bát Xát, Lào Cai,V', '03956350816', '8552000', '374600', N'Nhân viên', 'PB0002');

INSERT INTO NHANVIEN (MANV, TENNV, PHAI, NGAYSINH, DIACHI, SODT, LUONG, PHUCAP, VAITRO, PHG) 
VALUES ('NV9639', N'Nguyễn Tiết', N'Nam', to_date('06/15/1993', 'MM/DD/RRRR'), N'Phan Rí Thành, Bắc Bình, Bình Thuận,BCFT', '08493501831', '11491000', '538500', N'Nhân viên', 'PB0003');

INSERT INTO NHANVIEN (MANV, TENNV, PHAI, NGAYSINH, DIACHI, SODT, LUONG, PHUCAP, VAITRO, PHG) 
VALUES ('NV9656', N'Nguyễn Đức Minh', N'Nữ', to_date('02/24/1967', 'MM/DD/RRRR'), N'Nhơn Mỹ, An Nhơn, Bình Định,BES', '09618099048', '9141000', '691600', N'Nhân viên', 'PB0004');

INSERT INTO NHANVIEN (MANV, TENNV, PHAI, NGAYSINH, DIACHI, SODT, LUONG, PHUCAP, VAITRO, PHG) 
VALUES ('NV9693', N'Nguyễn Thị Chi', N'Nam', to_date('05/27/1990', 'MM/DD/RRRR'), N'Phổng Lập, Thuận Châu, Sơn La,7', '08169708099', '83466000', '806500', N'Nhân viên', 'PB0006');

INSERT INTO NHANVIEN (MANV, TENNV, PHAI, NGAYSINH, DIACHI, SODT, LUONG, PHUCAP, VAITRO, PHG) 
VALUES ('NV9800', N'Nguyễn Phận', N'Nam', to_date('05/01/1956', 'MM/DD/RRRR'), N'Đốc Tín, Mỹ Đức, Hà Nội', '08790200672', '74442000', '129700', N'Nhân viên', 'PB0002');

INSERT INTO NHANVIEN (MANV, TENNV, PHAI, NGAYSINH, DIACHI, SODT, LUONG, PHUCAP, VAITRO, PHG) 
VALUES ('NV9872', N'Nguyễn Kích', N'Nam', to_date('06/21/2003', 'MM/DD/RRRR'), N'Thạnh Lộc, Giồng Riềng, Kiên Giang,UV4', '03703327689', '7527000', '871500', N'Nhân viên', 'PB0005');

INSERT INTO NHANVIEN (MANV, TENNV, PHAI, NGAYSINH, DIACHI, SODT, LUONG, PHUCAP, VAITRO, PHG) 
VALUES ('NV9983', N'Nguyễn Đức Biên', N'Nữ', to_date('03/27/2001', 'MM/DD/RRRR'), N'Lùng Phình, Bắc Hà, Lào Cai,K', '09125745931', '3553000', '710300', N'Nhân viên', 'PB0008');

INSERT INTO NHANVIEN (MANV, TENNV, PHAI, NGAYSINH, DIACHI, SODT, LUONG, PHUCAP, VAITRO, PHG) 
VALUES ('NV0022', N'Nguyễn Thị Nhung', N'Nữ', to_date('04/29/1954', 'MM/DD/RRRR'), N'Phường 8, Cà Mau, Cà Mau,K7Y', '03059539356', '84199000', '692200', N'Trưởng phòng', 'PB0005');

INSERT INTO NHANVIEN (MANV, TENNV, PHAI, NGAYSINH, DIACHI, SODT, LUONG, PHUCAP, VAITRO, PHG) 
VALUES ('NV0114', N'Nguyễn Thị Dư', N'Nam', to_date('12/16/1995', 'MM/DD/RRRR'), N'Trung Chánh, Hóc Môn, Hồ Chí Minh,CB', '08094770565', '72479000', '114700', N'Trưởng phòng', 'PB0008');

INSERT INTO NHANVIEN (MANV, TENNV, PHAI, NGAYSINH, DIACHI, SODT, LUONG, PHUCAP, VAITRO, PHG) 
VALUES ('NV0135', N'Nguyễn Thị Nga', N'Nữ', to_date('07/26/1980', 'MM/DD/RRRR'), N'Hòa Hưng, Xuyên Mộc, Bà Rịa - Vũng Tàu,8', '09792655584', '84949000', '727700', N'Trưởng phòng', 'PB0004');

INSERT INTO NHANVIEN (MANV, TENNV, PHAI, NGAYSINH, DIACHI, SODT, LUONG, PHUCAP, VAITRO, PHG) 
VALUES ('NV0157', N'Nguyễn Nhật', N'Nam', to_date('06/25/2000', 'MM/DD/RRRR'), N'Quỳnh Thắng, Quỳnh Lưu, Nghệ An,U0E2', '08907147563', '97947000', '447300', N'Trưởng phòng', 'PB0001');

INSERT INTO NHANVIEN (MANV, TENNV, PHAI, NGAYSINH, DIACHI, SODT, LUONG, PHUCAP, VAITRO, PHG) 
VALUES ('NV0170', N'Nguyễn Đức Thái', N'Nữ', to_date('09/09/1964', 'MM/DD/RRRR'), N'Phố Huế, Hai Bà Trưng, Hà Nội,7TRZ', '08383754055', '38789000', '509200', N'QL trực tiếp', 'PB0001');

INSERT INTO NHANVIEN (MANV, TENNV, PHAI, NGAYSINH, DIACHI, SODT, LUONG, PHUCAP, VAITRO, PHG) 
VALUES ('NV0174', N'Nguyễn Đức', N'Nữ', to_date('10/17/1964', 'MM/DD/RRRR'), N'Trà Tây, Trà Bồng, Quảng Ngãi,PES5P', '03787894435', '6207000', '529500', N'Trưởng phòng', 'PB0002');

INSERT INTO NHANVIEN (MANV, TENNV, PHAI, NGAYSINH, DIACHI, SODT, LUONG, PHUCAP, VAITRO, PHG) 
VALUES ('NV0189', N'Nguyễn Đức Chấn', N'Nam', to_date('02/25/1977', 'MM/DD/RRRR'), N'Tân Thành, Buôn Ma Thuột, Đắk Lắk', '03252913574', '9442000', '418100', N'Trưởng phòng', 'PB0006');

INSERT INTO NHANVIEN (MANV, TENNV, PHAI, NGAYSINH, DIACHI, SODT, LUONG, PHUCAP, VAITRO, PHG) 
VALUES ('NV0232', N'Nguyễn Ngọc Trân', N'Nữ', to_date('02/21/1962', 'MM/DD/RRRR'), N'Thạch Đồng, Thanh Thuỷ, Phú Thọ,1TH2ZF', '08422509423', '2212000', '467900', N'Trưởng phòng', 'PB0003');

INSERT INTO NHANVIEN (MANV, TENNV, PHAI, NGAYSINH, DIACHI, SODT, LUONG, PHUCAP, VAITRO, PHG) 
VALUES ('NV0274', N'Nguyễn Minh Quế', N'Nữ', to_date('07/19/1972', 'MM/DD/RRRR'), N'Đắk Hà, Đắk Hà, Kon Tum,WSXWB', '08405197380', '43456000', '163700', N'Ban giám đốc', 'PB0006');

INSERT INTO NHANVIEN (MANV, TENNV, PHAI, NGAYSINH, DIACHI, SODT, LUONG, PHUCAP, VAITRO, PHG) 
VALUES ('NV0462', N'Nguyễn Thị Biểu', N'Nam', to_date('10/05/1995', 'MM/DD/RRRR'), N'Tân Dương, Bảo Yên, Lào Cai,I', '03347893941', '16400000', '908000', N'Trưởng phòng', 'PB0007');

INSERT INTO NHANVIEN (MANV, TENNV, PHAI, NGAYSINH, DIACHI, SODT, LUONG, PHUCAP, VAITRO, PHG) 
VALUES ('NV0597', N'Nguyễn Thương', N'Nữ', to_date('07/31/1978', 'MM/DD/RRRR'), N'Hòa Bình, Hưng Hà, Thái Bình,YVF', '03609684691', '12724000', '134900', N'Nhân sự', 'PB0003');

INSERT INTO NHANVIEN (MANV, TENNV, PHAI, NGAYSINH, DIACHI, SODT, LUONG, PHUCAP, VAITRO, PHG) 
VALUES ('NV0601', N'Nguyễn Thị Kim Túc', N'Nữ', to_date('04/13/1967', 'MM/DD/RRRR'), N'Xà Phiên, Long Mỹ, Hậu Giang,N7', '03749000631', '59134000', '621300', N'QL trực tiếp', 'PB0006');

INSERT INTO NHANVIEN (MANV, TENNV, PHAI, NGAYSINH, DIACHI, SODT, LUONG, PHUCAP, VAITRO, PHG) 
VALUES ('NV0672', N'Nguyễn Thị Phi Yến', N'Nam', to_date('10/31/1990', 'MM/DD/RRRR'), N'Tân Phước, La Gi, Bình Thuận,UWFP', '09763461268', '4734000', '313200', N'QL trực tiếp', 'PB0005');

INSERT INTO NHANVIEN (MANV, TENNV, PHAI, NGAYSINH, DIACHI, SODT, LUONG, PHUCAP, VAITRO, PHG) 
VALUES ('NV0688', N'Nguyễn Thị Kim Quyên', N'Nam', to_date('12/09/1982', 'MM/DD/RRRR'), N'Mỹ Chánh Tây, Phù Mỹ, Bình Định,5O', '08890938721', '37368000', '191700', N'Tài chính', 'PB0005');

INSERT INTO NHANVIEN (MANV, TENNV, PHAI, NGAYSINH, DIACHI, SODT, LUONG, PHUCAP, VAITRO, PHG) 
VALUES ('NV0972', N'Nguyễn Thị Đóng', N'Nữ', to_date('06/04/1967', 'MM/DD/RRRR'), N'Phường 02, Quận 5, Hồ Chí Minh,46QSD', '09109627067', '3896000', '984100', N'Ban giám đốc', 'PB0005');

INSERT INTO NHANVIEN (MANV, TENNV, PHAI, NGAYSINH, DIACHI, SODT, LUONG, PHUCAP, VAITRO, PHG) 
VALUES ('NV1062', N'Nguyễn Ngọc Ấn', N'Nam', to_date('05/29/1975', 'MM/DD/RRRR'), N'Phù Lương, Quế Võ, Bắc Ninh,W7SV', '08684815523', '8866000', '603700', N'QL trực tiếp', 'PB0005');

INSERT INTO NHANVIEN (MANV, TENNV, PHAI, NGAYSINH, DIACHI, SODT, LUONG, PHUCAP, VAITRO, PHG) 
VALUES ('NV1583', N'Nguyễn Thái Tịch', N'Nữ', to_date('09/05/1985', 'MM/DD/RRRR'), N'Đồng Nơ, Hớn Quản, Bình Phước,FSKE9Y', '08754497444', '8413000', '556800', N'Trưởng đề án', 'PB0003');

INSERT INTO NHANVIEN (MANV, TENNV, PHAI, NGAYSINH, DIACHI, SODT, LUONG, PHUCAP, VAITRO, PHG) 
VALUES ('NV2062', N'Nguyễn Duy Trinh', N'Nam', to_date('02/02/1991', 'MM/DD/RRRR'), N'An Hoà, Sa Đéc, Đồng Tháp,7OGGTG', '08644578413', '6761000', '599400', N'Trưởng đề án', 'PB0002');

INSERT INTO NHANVIEN (MANV, TENNV, PHAI, NGAYSINH, DIACHI, SODT, LUONG, PHUCAP, VAITRO, PHG) 
VALUES ('NV2501', N'Nguyễn Thị Mỹ Lệ', N'Nam', to_date('10/26/1996', 'MM/DD/RRRR'), N'Xuân Trúc, Ân Thi, Hưng Yên,NB', '08479860068', '4707000', '857100', N'Tài chính', 'PB0005');

INSERT INTO NHANVIEN (MANV, TENNV, PHAI, NGAYSINH, DIACHI, SODT, LUONG, PHUCAP, VAITRO, PHG) 
VALUES ('NV2576', N'Nguyễn Thị Sang', N'Nam', to_date('07/30/1974', 'MM/DD/RRRR'), N'Phú Lạc, Tuy Phong, Bình Thuận,5RH5F', '09237932643', '80669000', '180900', N'Tài chính', 'PB0003');

INSERT INTO NHANVIEN (MANV, TENNV, PHAI, NGAYSINH, DIACHI, SODT, LUONG, PHUCAP, VAITRO, PHG) 
VALUES ('NV2618', N'Nguyễn Tần', N'Nữ', to_date('08/07/2002', 'MM/DD/RRRR'), N'Phú Phúc, Lý Nhân, Hà Nam,HZE5X', '09734303614', '43746000', '231000', N'QL trực tiếp', 'PB0002');

INSERT INTO NHANVIEN (MANV, TENNV, PHAI, NGAYSINH, DIACHI, SODT, LUONG, PHUCAP, VAITRO, PHG) 
VALUES ('NV3010', N'Nguyễn Thị Tịch', N'Nữ', to_date('09/26/1984', 'MM/DD/RRRR'), N'Vĩnh Hiệp, Vĩnh Thạnh, Bình Định,BAJ1ZC', '09536277040', '98551000', '838600', N'QL trực tiếp', 'PB0007');

INSERT INTO NHANVIEN (MANV, TENNV, PHAI, NGAYSINH, DIACHI, SODT, LUONG, PHUCAP, VAITRO, PHG) 
VALUES ('NV3269', N'Nguyễn Thị Phi Yến', N'Nữ', to_date('04/09/1958', 'MM/DD/RRRR'), N'Vĩnh Lộc, Chiêm Hóa, Tuyên Quang,ZX70D', '03406064448', '9115000', '413200', N'QL trực tiếp', 'PB0005');

INSERT INTO NHANVIEN (MANV, TENNV, PHAI, NGAYSINH, DIACHI, SODT, LUONG, PHUCAP, VAITRO, PHG) 
VALUES ('NV3354', N'Nguyễn Tâm', N'Nam', to_date('07/31/1990', 'MM/DD/RRRR'), N'Đưng KNớ, Lạc Dương, Lâm Đồng,37MG', '09951208521', '1794000', '503500', N'QL trực tiếp', 'PB0003');

INSERT INTO NHANVIEN (MANV, TENNV, PHAI, NGAYSINH, DIACHI, SODT, LUONG, PHUCAP, VAITRO, PHG) 
VALUES ('NV3468', N'Nguyễn Đức Quán', N'Nữ', to_date('12/12/1961', 'MM/DD/RRRR'), N'Nghi Liên, Vinh, Nghệ An,9PN2', '03111208816', '73602000', '464200', N'Ban giám đốc', 'PB0002');

INSERT INTO NHANVIEN (MANV, TENNV, PHAI, NGAYSINH, DIACHI, SODT, LUONG, PHUCAP, VAITRO, PHG) 
VALUES ('NV4125', N'Nguyễn Đức Phú', N'Nam', to_date('07/08/1988', 'MM/DD/RRRR'), N'Hố Nai, Biên Hòa, Đồng Nai,VPD9H', '09226818427', '4441000', '969900', N'Ban giám đốc', 'PB0004');

INSERT INTO NHANVIEN (MANV, TENNV, PHAI, NGAYSINH, DIACHI, SODT, LUONG, PHUCAP, VAITRO, PHG) 
VALUES ('NV4963', N'Nguyễn Thị Đông', N'Nữ', to_date('01/23/1960', 'MM/DD/RRRR'), N'Cẩm Yên, Thạch Thất, Hà Nội,Q6V7X', '09920722286', '81821000', '849100', N'Ban giám đốc', 'PB0008');

INSERT INTO NHANVIEN (MANV, TENNV, PHAI, NGAYSINH, DIACHI, SODT, LUONG, PHUCAP, VAITRO, PHG) 
VALUES ('NV4994', N'Nguyễn Thế Truyền', N'Nam', to_date('06/02/1981', 'MM/DD/RRRR'), N'Tân Khang, Nông Cống, Thanh Hóa,42WX', '08002534877', '1624000', '390000', N'Nhân sự', 'PB0007');

INSERT INTO NHANVIEN (MANV, TENNV, PHAI, NGAYSINH, DIACHI, SODT, LUONG, PHUCAP, VAITRO, PHG) 
VALUES ('NV5315', N'Nguyễn Tần', N'Nữ', to_date('07/31/1964', 'MM/DD/RRRR'), N'Bình Minh, Bình Giang, Hải Dương,C', '09301553677', '1946000', '798900', N'Trưởng đề án', 'PB0005');

INSERT INTO NHANVIEN (MANV, TENNV, PHAI, NGAYSINH, DIACHI, SODT, LUONG, PHUCAP, VAITRO, PHG) 
VALUES ('NV5371', N'Nguyễn Thị Hoa Lệ', N'Nam', to_date('03/08/1995', 'MM/DD/RRRR'), N'Thành Minh, Thạch Thành, Thanh Hóa,PVI3V1', '03839757928', '79268000', '307800', N'QL trực tiếp', 'PB0006');

INSERT INTO NHANVIEN (MANV, TENNV, PHAI, NGAYSINH, DIACHI, SODT, LUONG, PHUCAP, VAITRO, PHG) 
VALUES ('NV5429', N'Nguyễn Thí', N'Nam', to_date('03/12/1985', 'MM/DD/RRRR'), N'Nghĩa Tiến, Thái Hoà, Nghệ An,YVQCN', '08090040774', '8694000', NULL, N'QL trực tiếp', 'PB0007');

INSERT INTO NHANVIEN (MANV, TENNV, PHAI, NGAYSINH, DIACHI, SODT, LUONG, PHUCAP, VAITRO, PHG) 
VALUES ('NV5802', N'Nguyễn Nhị', N'Nữ', to_date('10/16/1953', 'MM/DD/RRRR'), N'Cao Sơn, Đà Bắc, Hoà Bình,1O', '03006906301', '57841000', '354900', N'QL trực tiếp', 'PB0005');

INSERT INTO NHANVIEN (MANV, TENNV, PHAI, NGAYSINH, DIACHI, SODT, LUONG, PHUCAP, VAITRO, PHG) 
VALUES ('NV6001', N'Nguyễn Thị Phi Yến', N'Nữ', to_date('12/06/2000', 'MM/DD/RRRR'), N'Quảng Tân, Đầm Hà, Quảng Ninh,O7QV39', '03295324693', '62922000', '944600', N'Nhân sự', 'PB0006');

INSERT INTO NHANVIEN (MANV, TENNV, PHAI, NGAYSINH, DIACHI, SODT, LUONG, PHUCAP, VAITRO, PHG) 
VALUES ('NV6118', N'Nguyễn Đức Chuồi', N'Nữ', to_date('06/05/1975', 'MM/DD/RRRR'), N'Hoằng Đồng, Hoằng Hóa, Thanh Hóa,LCI', '03016715671', '12038000', '854600', N'QL trực tiếp', 'PB0001');

INSERT INTO NHANVIEN (MANV, TENNV, PHAI, NGAYSINH, DIACHI, SODT, LUONG, PHUCAP, VAITRO, PHG) 
VALUES ('NV6463', N'Nguyễn Thị Nga', N'Nam', to_date('10/01/1967', 'MM/DD/RRRR'), N'Trần Hưng Đạo, Thái Bình, Thái Bình,H', '09514482420', '8306000', '412400', N'QL trực tiếp', 'PB0002');

INSERT INTO NHANVIEN (MANV, TENNV, PHAI, NGAYSINH, DIACHI, SODT, LUONG, PHUCAP, VAITRO, PHG) 
VALUES ('NV6911', N'Nguyễn Thị Chín', N'Nam', to_date('02/12/1971', 'MM/DD/RRRR'), N'Hòa Thành, Đông Hòa, Phú Yên', '08790629422', '4452000', '216000', N'Nhân sự', 'PB0008');

INSERT INTO NHANVIEN (MANV, TENNV, PHAI, NGAYSINH, DIACHI, SODT, LUONG, PHUCAP, VAITRO, PHG) 
VALUES ('NV7182', N'Nguyễn Tứ', N'Nữ', to_date('10/26/1970', 'MM/DD/RRRR'), N'Phương Phú, Phụng Hiệp, Hậu Giang,V', '03574504948', '93146000', '300300', N'QL trực tiếp', 'PB0002');

INSERT INTO NHANVIEN (MANV, TENNV, PHAI, NGAYSINH, DIACHI, SODT, LUONG, PHUCAP, VAITRO, PHG) 
VALUES ('NV7820', N'Nguyễn Đức Hồng Y', N'Nam', to_date('09/15/1995', 'MM/DD/RRRR'), N'Hòa Tiến, Hòa Vang, Đà Nẵng,R', '08434801976', '67365000', '161400', N'QL trực tiếp', 'PB0008');

INSERT INTO NHANVIEN (MANV, TENNV, PHAI, NGAYSINH, DIACHI, SODT, LUONG, PHUCAP, VAITRO, PHG) 
VALUES ('NV7936', N'Nguyễn Phận', N'Nam', to_date('10/02/1993', 'MM/DD/RRRR'), N'Mường Lống, Kỳ Sơn, Nghệ An', '08023874368', '1581000', '539300', N'QL trực tiếp', 'PB0005');

INSERT INTO NHANVIEN (MANV, TENNV, PHAI, NGAYSINH, DIACHI, SODT, LUONG, PHUCAP, VAITRO, PHG) 
VALUES ('NV8070', N'Nguyễn Vinh', N'Nữ', to_date('10/26/1986', 'MM/DD/RRRR'), N'Quý Hòa, Lạc Sơn, Hoà Bình,33QTB', '08680912117', '6080000', '818300', N'Tài chính', 'PB0006');

INSERT INTO NHANVIEN (MANV, TENNV, PHAI, NGAYSINH, DIACHI, SODT, LUONG, PHUCAP, VAITRO, PHG) 
VALUES ('NV8163', N'Nguyễn Đức Tín', N'Nam', to_date('03/11/1954', 'MM/DD/RRRR'), N'Gio Hải, Gio Linh, Quảng Trị,KFWU8', '08251255129', '45835000', '919000', N'Tài chính', 'PB0006');

INSERT INTO NHANVIEN (MANV, TENNV, PHAI, NGAYSINH, DIACHI, SODT, LUONG, PHUCAP, VAITRO, PHG) 
VALUES ('NV8184', N'Nguyễn Thị Phương Thảo', N'Nam', to_date('11/16/1998', 'MM/DD/RRRR'), N'Ngọc Liên, Cẩm Giàng, Hải Dương,SXICWC', '08879588682', '44483000', '433400', N'QL trực tiếp', 'PB0006');

INSERT INTO NHANVIEN (MANV, TENNV, PHAI, NGAYSINH, DIACHI, SODT, LUONG, PHUCAP, VAITRO, PHG) 
VALUES ('NV8272', N'Nguyễn Thị Kim Khuê', N'Nam', to_date('12/03/1983', 'MM/DD/RRRR'), N'Lai Hòa, Vĩnh Châu, Sóc Trăng,TZ', '08018342161', '6170000', '319600', N'QL trực tiếp', 'PB0008');

INSERT INTO NHANVIEN (MANV, TENNV, PHAI, NGAYSINH, DIACHI, SODT, LUONG, PHUCAP, VAITRO, PHG) 
VALUES ('NV8804', N'Nguyễn Thị Tiến', N'Nam', to_date('12/09/1970', 'MM/DD/RRRR'), N'Hòa Đông, Krông Pắc, Đắk Lắk,Z', '03644385014', '46315000', '239600', N'QL trực tiếp', 'PB0008');

INSERT INTO NHANVIEN (MANV, TENNV, PHAI, NGAYSINH, DIACHI, SODT, LUONG, PHUCAP, VAITRO, PHG) 
VALUES ('NV9606', N'Nguyễn Thị Hiền', N'Nam', to_date('08/07/1980', 'MM/DD/RRRR'), N'Quang Kim, Bát Xát, Lào Cai,U4', '08251066687', '6810000', '191600', N'QL trực tiếp', 'PB0005');

INSERT INTO NHANVIEN (MANV, TENNV, PHAI, NGAYSINH, DIACHI, SODT, LUONG, PHUCAP, VAITRO, PHG) 
VALUES ('NV9967', N'Nguyễn Đức Khách', N'Nữ', to_date('05/08/1980', 'MM/DD/RRRR'), N'Chơn Thành, Chơn Thành, Bình Phước,RB7TL4', '08005252127', '7585000', '331500', N'Nhân sự', 'PB0005');

/

UPDATE NHANVIEN SET MANQL ='NV0062' WHERE MANV = 'NV0672';
UPDATE NHANVIEN SET MANQL ='NV0238' WHERE MANV = 'NV3354';
UPDATE NHANVIEN SET MANQL ='NV0243' WHERE MANV = 'NV9606';
UPDATE NHANVIEN SET MANQL ='NV0244' WHERE MANV = 'NV5371';
UPDATE NHANVIEN SET MANQL ='NV0335' WHERE MANV = 'NV0601';
UPDATE NHANVIEN SET MANQL ='NV0351' WHERE MANV = 'NV8184';
UPDATE NHANVIEN SET MANQL ='NV0417' WHERE MANV = 'NV7182';
UPDATE NHANVIEN SET MANQL ='NV0430' WHERE MANV = 'NV0601';
UPDATE NHANVIEN SET MANQL ='NV0523' WHERE MANV = 'NV0672';
UPDATE NHANVIEN SET MANQL ='NV0568' WHERE MANV = 'NV3354';
UPDATE NHANVIEN SET MANQL ='NV0600' WHERE MANV = 'NV9606';
UPDATE NHANVIEN SET MANQL ='NV0610' WHERE MANV = 'NV7182';
UPDATE NHANVIEN SET MANQL ='NV0680' WHERE MANV = 'NV0601';
UPDATE NHANVIEN SET MANQL ='NV0766' WHERE MANV = 'NV3010';
UPDATE NHANVIEN SET MANQL ='NV0791' WHERE MANV = 'NV7820';
UPDATE NHANVIEN SET MANQL ='NV0793' WHERE MANV = 'NV0170';
UPDATE NHANVIEN SET MANQL ='NV0805' WHERE MANV = 'NV5429';
UPDATE NHANVIEN SET MANQL ='NV0830' WHERE MANV = 'NV3354';
UPDATE NHANVIEN SET MANQL ='NV0884' WHERE MANV = 'NV8804';
UPDATE NHANVIEN SET MANQL ='NV0965' WHERE MANV = 'NV5429';
UPDATE NHANVIEN SET MANQL ='NV1037' WHERE MANV = 'NV7182';
UPDATE NHANVIEN SET MANQL ='NV1038' WHERE MANV = 'NV8804';
UPDATE NHANVIEN SET MANQL ='NV1114' WHERE MANV = 'NV8804';
UPDATE NHANVIEN SET MANQL ='NV1115' WHERE MANV = 'NV5371';
UPDATE NHANVIEN SET MANQL ='NV1167' WHERE MANV = 'NV8804';
UPDATE NHANVIEN SET MANQL ='NV1169' WHERE MANV = 'NV3010';
UPDATE NHANVIEN SET MANQL ='NV1198' WHERE MANV = 'NV3354';
UPDATE NHANVIEN SET MANQL ='NV1222' WHERE MANV = 'NV6463';
UPDATE NHANVIEN SET MANQL ='NV1230' WHERE MANV = 'NV3354';
UPDATE NHANVIEN SET MANQL ='NV1350' WHERE MANV = 'NV8804';
UPDATE NHANVIEN SET MANQL ='NV1358' WHERE MANV = 'NV8272';
UPDATE NHANVIEN SET MANQL ='NV1372' WHERE MANV = 'NV3010';
UPDATE NHANVIEN SET MANQL ='NV1373' WHERE MANV = 'NV9606';
UPDATE NHANVIEN SET MANQL ='NV1393' WHERE MANV = 'NV7820';
UPDATE NHANVIEN SET MANQL ='NV1420' WHERE MANV = 'NV0170';
UPDATE NHANVIEN SET MANQL ='NV1442' WHERE MANV = 'NV8184';
UPDATE NHANVIEN SET MANQL ='NV1468' WHERE MANV = 'NV3269';
UPDATE NHANVIEN SET MANQL ='NV1524' WHERE MANV = 'NV8272';
UPDATE NHANVIEN SET MANQL ='NV1561' WHERE MANV = 'NV8272';
UPDATE NHANVIEN SET MANQL ='NV1603' WHERE MANV = 'NV3010';
UPDATE NHANVIEN SET MANQL ='NV1612' WHERE MANV = 'NV3354';
UPDATE NHANVIEN SET MANQL ='NV1660' WHERE MANV = 'NV3010';
UPDATE NHANVIEN SET MANQL ='NV1705' WHERE MANV = 'NV8804';
UPDATE NHANVIEN SET MANQL ='NV1775' WHERE MANV = 'NV3010';
UPDATE NHANVIEN SET MANQL ='NV1810' WHERE MANV = 'NV0170';
UPDATE NHANVIEN SET MANQL ='NV1814' WHERE MANV = 'NV8184';
UPDATE NHANVIEN SET MANQL ='NV1826' WHERE MANV = 'NV5429';
UPDATE NHANVIEN SET MANQL ='NV1877' WHERE MANV = 'NV8272';
UPDATE NHANVIEN SET MANQL ='NV1906' WHERE MANV = 'NV8804';
UPDATE NHANVIEN SET MANQL ='NV1908' WHERE MANV = 'NV7182';
UPDATE NHANVIEN SET MANQL ='NV1961' WHERE MANV = 'NV3269';
UPDATE NHANVIEN SET MANQL ='NV1967' WHERE MANV = 'NV0601';
UPDATE NHANVIEN SET MANQL ='NV1990' WHERE MANV = 'NV6463';
UPDATE NHANVIEN SET MANQL ='NV2026' WHERE MANV = 'NV5371';
UPDATE NHANVIEN SET MANQL ='NV2030' WHERE MANV = 'NV8804';
UPDATE NHANVIEN SET MANQL ='NV2040' WHERE MANV = 'NV3354';
UPDATE NHANVIEN SET MANQL ='NV2054' WHERE MANV = 'NV8184';
UPDATE NHANVIEN SET MANQL ='NV2081' WHERE MANV = 'NV9606';
UPDATE NHANVIEN SET MANQL ='NV2100' WHERE MANV = 'NV3269';
UPDATE NHANVIEN SET MANQL ='NV2194' WHERE MANV = 'NV0601';
UPDATE NHANVIEN SET MANQL ='NV2210' WHERE MANV = 'NV9606';
UPDATE NHANVIEN SET MANQL ='NV2225' WHERE MANV = 'NV0601';
UPDATE NHANVIEN SET MANQL ='NV2254' WHERE MANV = 'NV5371';
UPDATE NHANVIEN SET MANQL ='NV2261' WHERE MANV = 'NV2618';
UPDATE NHANVIEN SET MANQL ='NV2292' WHERE MANV = 'NV5429';
UPDATE NHANVIEN SET MANQL ='NV2337' WHERE MANV = 'NV9606';
UPDATE NHANVIEN SET MANQL ='NV2368' WHERE MANV = 'NV3010';
UPDATE NHANVIEN SET MANQL ='NV2409' WHERE MANV = 'NV5429';
UPDATE NHANVIEN SET MANQL ='NV2480' WHERE MANV = 'NV0672';
UPDATE NHANVIEN SET MANQL ='NV2520' WHERE MANV = 'NV5429';
UPDATE NHANVIEN SET MANQL ='NV2532' WHERE MANV = 'NV8184';
UPDATE NHANVIEN SET MANQL ='NV2566' WHERE MANV = 'NV3269';
UPDATE NHANVIEN SET MANQL ='NV2584' WHERE MANV = 'NV3010';
UPDATE NHANVIEN SET MANQL ='NV2593' WHERE MANV = 'NV0170';
UPDATE NHANVIEN SET MANQL ='NV2634' WHERE MANV = 'NV8804';
UPDATE NHANVIEN SET MANQL ='NV2640' WHERE MANV = 'NV8804';
UPDATE NHANVIEN SET MANQL ='NV2663' WHERE MANV = 'NV8804';
UPDATE NHANVIEN SET MANQL ='NV2852' WHERE MANV = 'NV0672';
UPDATE NHANVIEN SET MANQL ='NV2859' WHERE MANV = 'NV0601';
UPDATE NHANVIEN SET MANQL ='NV2926' WHERE MANV = 'NV0170';
UPDATE NHANVIEN SET MANQL ='NV2968' WHERE MANV = 'NV9606';
UPDATE NHANVIEN SET MANQL ='NV3009' WHERE MANV = 'NV6118';
UPDATE NHANVIEN SET MANQL ='NV3051' WHERE MANV = 'NV8804';
UPDATE NHANVIEN SET MANQL ='NV3070' WHERE MANV = 'NV6463';
UPDATE NHANVIEN SET MANQL ='NV3111' WHERE MANV = 'NV0601';
UPDATE NHANVIEN SET MANQL ='NV3138' WHERE MANV = 'NV9606';
UPDATE NHANVIEN SET MANQL ='NV3163' WHERE MANV = 'NV3354';
UPDATE NHANVIEN SET MANQL ='NV3177' WHERE MANV = 'NV3354';
UPDATE NHANVIEN SET MANQL ='NV3224' WHERE MANV = 'NV6463';
UPDATE NHANVIEN SET MANQL ='NV3359' WHERE MANV = 'NV3354';
UPDATE NHANVIEN SET MANQL ='NV3411' WHERE MANV = 'NV3354';
UPDATE NHANVIEN SET MANQL ='NV3422' WHERE MANV = 'NV8272';
UPDATE NHANVIEN SET MANQL ='NV3442' WHERE MANV = 'NV8804';
UPDATE NHANVIEN SET MANQL ='NV3488' WHERE MANV = 'NV9606';
UPDATE NHANVIEN SET MANQL ='NV3514' WHERE MANV = 'NV5429';
UPDATE NHANVIEN SET MANQL ='NV3620' WHERE MANV = 'NV2618';
UPDATE NHANVIEN SET MANQL ='NV3653' WHERE MANV = 'NV8804';
UPDATE NHANVIEN SET MANQL ='NV3655' WHERE MANV = 'NV6463';
UPDATE NHANVIEN SET MANQL ='NV3678' WHERE MANV = 'NV3354';
UPDATE NHANVIEN SET MANQL ='NV3692' WHERE MANV = 'NV2618';
UPDATE NHANVIEN SET MANQL ='NV3767' WHERE MANV = 'NV0135';
UPDATE NHANVIEN SET MANQL ='NV3772' WHERE MANV = 'NV8804';
UPDATE NHANVIEN SET MANQL ='NV3820' WHERE MANV = 'NV0170';
UPDATE NHANVIEN SET MANQL ='NV3911' WHERE MANV = 'NV9606';
UPDATE NHANVIEN SET MANQL ='NV3958' WHERE MANV = 'NV0672';
UPDATE NHANVIEN SET MANQL ='NV4002' WHERE MANV = 'NV8804';
UPDATE NHANVIEN SET MANQL ='NV4017' WHERE MANV = 'NV8804';
UPDATE NHANVIEN SET MANQL ='NV4020' WHERE MANV = 'NV7820';
UPDATE NHANVIEN SET MANQL ='NV4025' WHERE MANV = 'NV0135';
UPDATE NHANVIEN SET MANQL ='NV4240' WHERE MANV = 'NV3354';
UPDATE NHANVIEN SET MANQL ='NV4266' WHERE MANV = 'NV3354';
UPDATE NHANVIEN SET MANQL ='NV4276' WHERE MANV = 'NV9606';
UPDATE NHANVIEN SET MANQL ='NV4286' WHERE MANV = 'NV7820';
UPDATE NHANVIEN SET MANQL ='NV4313' WHERE MANV = 'NV7182';
UPDATE NHANVIEN SET MANQL ='NV4318' WHERE MANV = 'NV0135';
UPDATE NHANVIEN SET MANQL ='NV4325' WHERE MANV = 'NV6463';
UPDATE NHANVIEN SET MANQL ='NV4334' WHERE MANV = 'NV8272';
UPDATE NHANVIEN SET MANQL ='NV4374' WHERE MANV = 'NV0601';
UPDATE NHANVIEN SET MANQL ='NV4376' WHERE MANV = 'NV3354';
UPDATE NHANVIEN SET MANQL ='NV4396' WHERE MANV = 'NV0135';
UPDATE NHANVIEN SET MANQL ='NV4402' WHERE MANV = 'NV9606';
UPDATE NHANVIEN SET MANQL ='NV4416' WHERE MANV = 'NV5429';
UPDATE NHANVIEN SET MANQL ='NV4463' WHERE MANV = 'NV3269';
UPDATE NHANVIEN SET MANQL ='NV4500' WHERE MANV = 'NV5429';
UPDATE NHANVIEN SET MANQL ='NV4558' WHERE MANV = 'NV3354';
UPDATE NHANVIEN SET MANQL ='NV4568' WHERE MANV = 'NV5371';
UPDATE NHANVIEN SET MANQL ='NV4723' WHERE MANV = 'NV3354';
UPDATE NHANVIEN SET MANQL ='NV4727' WHERE MANV = 'NV9606';
UPDATE NHANVIEN SET MANQL ='NV4802' WHERE MANV = 'NV3354';
UPDATE NHANVIEN SET MANQL ='NV4821' WHERE MANV = 'NV8804';
UPDATE NHANVIEN SET MANQL ='NV4831' WHERE MANV = 'NV3354';
UPDATE NHANVIEN SET MANQL ='NV4836' WHERE MANV = 'NV0170';
UPDATE NHANVIEN SET MANQL ='NV4848' WHERE MANV = 'NV3010';
UPDATE NHANVIEN SET MANQL ='NV4864' WHERE MANV = 'NV0170';
UPDATE NHANVIEN SET MANQL ='NV4867' WHERE MANV = 'NV3354';
UPDATE NHANVIEN SET MANQL ='NV4877' WHERE MANV = 'NV0601';
UPDATE NHANVIEN SET MANQL ='NV4897' WHERE MANV = 'NV0135';
UPDATE NHANVIEN SET MANQL ='NV5026' WHERE MANV = 'NV3354';
UPDATE NHANVIEN SET MANQL ='NV5053' WHERE MANV = 'NV6463';
UPDATE NHANVIEN SET MANQL ='NV5055' WHERE MANV = 'NV6463';
UPDATE NHANVIEN SET MANQL ='NV5074' WHERE MANV = 'NV6118';
UPDATE NHANVIEN SET MANQL ='NV5076' WHERE MANV = 'NV6463';
UPDATE NHANVIEN SET MANQL ='NV5155' WHERE MANV = 'NV9606';
UPDATE NHANVIEN SET MANQL ='NV5165' WHERE MANV = 'NV0135';
UPDATE NHANVIEN SET MANQL ='NV5208' WHERE MANV = 'NV3354';
UPDATE NHANVIEN SET MANQL ='NV5215' WHERE MANV = 'NV0170';
UPDATE NHANVIEN SET MANQL ='NV5271' WHERE MANV = 'NV8272';
UPDATE NHANVIEN SET MANQL ='NV5289' WHERE MANV = 'NV6118';
UPDATE NHANVIEN SET MANQL ='NV5292' WHERE MANV = 'NV9606';
UPDATE NHANVIEN SET MANQL ='NV5303' WHERE MANV = 'NV3354';
UPDATE NHANVIEN SET MANQL ='NV5355' WHERE MANV = 'NV6463';
UPDATE NHANVIEN SET MANQL ='NV5367' WHERE MANV = 'NV7182';
UPDATE NHANVIEN SET MANQL ='NV5370' WHERE MANV = 'NV0601';
UPDATE NHANVIEN SET MANQL ='NV5385' WHERE MANV = 'NV0135';
UPDATE NHANVIEN SET MANQL ='NV5419' WHERE MANV = 'NV0170';
UPDATE NHANVIEN SET MANQL ='NV5439' WHERE MANV = 'NV8184';
UPDATE NHANVIEN SET MANQL ='NV5442' WHERE MANV = 'NV6118';
UPDATE NHANVIEN SET MANQL ='NV5460' WHERE MANV = 'NV0135';
UPDATE NHANVIEN SET MANQL ='NV5466' WHERE MANV = 'NV3010';
UPDATE NHANVIEN SET MANQL ='NV5525' WHERE MANV = 'NV5429';
UPDATE NHANVIEN SET MANQL ='NV5555' WHERE MANV = 'NV3354';
UPDATE NHANVIEN SET MANQL ='NV5561' WHERE MANV = 'NV3354';
UPDATE NHANVIEN SET MANQL ='NV5581' WHERE MANV = 'NV6118';
UPDATE NHANVIEN SET MANQL ='NV5702' WHERE MANV = 'NV3010';
UPDATE NHANVIEN SET MANQL ='NV5792' WHERE MANV = 'NV8272';
UPDATE NHANVIEN SET MANQL ='NV5815' WHERE MANV = 'NV5429';
UPDATE NHANVIEN SET MANQL ='NV5833' WHERE MANV = 'NV5371';
UPDATE NHANVIEN SET MANQL ='NV5851' WHERE MANV = 'NV3354';
UPDATE NHANVIEN SET MANQL ='NV5858' WHERE MANV = 'NV5429';
UPDATE NHANVIEN SET MANQL ='NV5890' WHERE MANV = 'NV3354';
UPDATE NHANVIEN SET MANQL ='NV5968' WHERE MANV = 'NV6118';
UPDATE NHANVIEN SET MANQL ='NV5976' WHERE MANV = 'NV0135';
UPDATE NHANVIEN SET MANQL ='NV6032' WHERE MANV = 'NV9606';
UPDATE NHANVIEN SET MANQL ='NV6034' WHERE MANV = 'NV0135';
UPDATE NHANVIEN SET MANQL ='NV6052' WHERE MANV = 'NV0135';
UPDATE NHANVIEN SET MANQL ='NV6062' WHERE MANV = 'NV8272';
UPDATE NHANVIEN SET MANQL ='NV6090' WHERE MANV = 'NV2618';
UPDATE NHANVIEN SET MANQL ='NV6204' WHERE MANV = 'NV3354';
UPDATE NHANVIEN SET MANQL ='NV6269' WHERE MANV = 'NV3354';
UPDATE NHANVIEN SET MANQL ='NV6275' WHERE MANV = 'NV9606';
UPDATE NHANVIEN SET MANQL ='NV6284' WHERE MANV = 'NV5429';
UPDATE NHANVIEN SET MANQL ='NV6289' WHERE MANV = 'NV6118';
UPDATE NHANVIEN SET MANQL ='NV6303' WHERE MANV = 'NV5429';
UPDATE NHANVIEN SET MANQL ='NV6315' WHERE MANV = 'NV8272';
UPDATE NHANVIEN SET MANQL ='NV6331' WHERE MANV = 'NV0135';
UPDATE NHANVIEN SET MANQL ='NV6346' WHERE MANV = 'NV9606';
UPDATE NHANVIEN SET MANQL ='NV6369' WHERE MANV = 'NV5429';
UPDATE NHANVIEN SET MANQL ='NV6427' WHERE MANV = 'NV0170';
UPDATE NHANVIEN SET MANQL ='NV6448' WHERE MANV = 'NV0135';
UPDATE NHANVIEN SET MANQL ='NV6452' WHERE MANV = 'NV0135';
UPDATE NHANVIEN SET MANQL ='NV6498' WHERE MANV = 'NV8804';
UPDATE NHANVIEN SET MANQL ='NV6507' WHERE MANV = 'NV7820';
UPDATE NHANVIEN SET MANQL ='NV6517' WHERE MANV = 'NV0135';
UPDATE NHANVIEN SET MANQL ='NV6577' WHERE MANV = 'NV0135';
UPDATE NHANVIEN SET MANQL ='NV6587' WHERE MANV = 'NV8184';
UPDATE NHANVIEN SET MANQL ='NV6600' WHERE MANV = 'NV0601';
UPDATE NHANVIEN SET MANQL ='NV6635' WHERE MANV = 'NV3010';
UPDATE NHANVIEN SET MANQL ='NV6640' WHERE MANV = 'NV6463';
UPDATE NHANVIEN SET MANQL ='NV6644' WHERE MANV = 'NV9606';
UPDATE NHANVIEN SET MANQL ='NV6657' WHERE MANV = 'NV0672';
UPDATE NHANVIEN SET MANQL ='NV6693' WHERE MANV = 'NV0601';
UPDATE NHANVIEN SET MANQL ='NV6710' WHERE MANV = 'NV0170';
UPDATE NHANVIEN SET MANQL ='NV6721' WHERE MANV = 'NV3269';
UPDATE NHANVIEN SET MANQL ='NV6784' WHERE MANV = 'NV0135';
UPDATE NHANVIEN SET MANQL ='NV6818' WHERE MANV = 'NV6118';
UPDATE NHANVIEN SET MANQL ='NV6825' WHERE MANV = 'NV6118';
UPDATE NHANVIEN SET MANQL ='NV6903' WHERE MANV = 'NV7820';
UPDATE NHANVIEN SET MANQL ='NV6924' WHERE MANV = 'NV3354';
UPDATE NHANVIEN SET MANQL ='NV6938' WHERE MANV = 'NV8272';
UPDATE NHANVIEN SET MANQL ='NV6967' WHERE MANV = 'NV0170';
UPDATE NHANVIEN SET MANQL ='NV6994' WHERE MANV = 'NV3010';
UPDATE NHANVIEN SET MANQL ='NV7018' WHERE MANV = 'NV5429';
UPDATE NHANVIEN SET MANQL ='NV7031' WHERE MANV = 'NV0672';
UPDATE NHANVIEN SET MANQL ='NV7049' WHERE MANV = 'NV8804';
UPDATE NHANVIEN SET MANQL ='NV7082' WHERE MANV = 'NV7820';
UPDATE NHANVIEN SET MANQL ='NV7137' WHERE MANV = 'NV9606';
UPDATE NHANVIEN SET MANQL ='NV7138' WHERE MANV = 'NV7820';
UPDATE NHANVIEN SET MANQL ='NV7221' WHERE MANV = 'NV0601';
UPDATE NHANVIEN SET MANQL ='NV7228' WHERE MANV = 'NV0170';
UPDATE NHANVIEN SET MANQL ='NV7302' WHERE MANV = 'NV2618';
UPDATE NHANVIEN SET MANQL ='NV7337' WHERE MANV = 'NV6118';
UPDATE NHANVIEN SET MANQL ='NV7341' WHERE MANV = 'NV3269';
UPDATE NHANVIEN SET MANQL ='NV7346' WHERE MANV = 'NV8804';
UPDATE NHANVIEN SET MANQL ='NV7347' WHERE MANV = 'NV0170';
UPDATE NHANVIEN SET MANQL ='NV7372' WHERE MANV = 'NV3010';
UPDATE NHANVIEN SET MANQL ='NV7374' WHERE MANV = 'NV7820';
UPDATE NHANVIEN SET MANQL ='NV7525' WHERE MANV = 'NV6118';
UPDATE NHANVIEN SET MANQL ='NV7540' WHERE MANV = 'NV3354';
UPDATE NHANVIEN SET MANQL ='NV7625' WHERE MANV = 'NV3010';
UPDATE NHANVIEN SET MANQL ='NV7819' WHERE MANV = 'NV8804';
UPDATE NHANVIEN SET MANQL ='NV7849' WHERE MANV = 'NV3354';
UPDATE NHANVIEN SET MANQL ='NV7869' WHERE MANV = 'NV6463';
UPDATE NHANVIEN SET MANQL ='NV7879' WHERE MANV = 'NV0135';
UPDATE NHANVIEN SET MANQL ='NV7888' WHERE MANV = 'NV8184';
UPDATE NHANVIEN SET MANQL ='NV7939' WHERE MANV = 'NV3010';
UPDATE NHANVIEN SET MANQL ='NV7978' WHERE MANV = 'NV0170';
UPDATE NHANVIEN SET MANQL ='NV7992' WHERE MANV = 'NV0170';
UPDATE NHANVIEN SET MANQL ='NV8001' WHERE MANV = 'NV6118';
UPDATE NHANVIEN SET MANQL ='NV8004' WHERE MANV = 'NV7820';
UPDATE NHANVIEN SET MANQL ='NV8017' WHERE MANV = 'NV5429';
UPDATE NHANVIEN SET MANQL ='NV8020' WHERE MANV = 'NV6118';
UPDATE NHANVIEN SET MANQL ='NV8045' WHERE MANV = 'NV0601';
UPDATE NHANVIEN SET MANQL ='NV8068' WHERE MANV = 'NV9606';
UPDATE NHANVIEN SET MANQL ='NV8208' WHERE MANV = 'NV5429';
UPDATE NHANVIEN SET MANQL ='NV8240' WHERE MANV = 'NV8804';
UPDATE NHANVIEN SET MANQL ='NV8261' WHERE MANV = 'NV8804';
UPDATE NHANVIEN SET MANQL ='NV8281' WHERE MANV = 'NV5429';
UPDATE NHANVIEN SET MANQL ='NV8348' WHERE MANV = 'NV0135';
UPDATE NHANVIEN SET MANQL ='NV8370' WHERE MANV = 'NV2618';
UPDATE NHANVIEN SET MANQL ='NV8388' WHERE MANV = 'NV3354';
UPDATE NHANVIEN SET MANQL ='NV8406' WHERE MANV = 'NV8804';
UPDATE NHANVIEN SET MANQL ='NV8417' WHERE MANV = 'NV6463';
UPDATE NHANVIEN SET MANQL ='NV8419' WHERE MANV = 'NV3354';
UPDATE NHANVIEN SET MANQL ='NV8442' WHERE MANV = 'NV0601';
UPDATE NHANVIEN SET MANQL ='NV8507' WHERE MANV = 'NV0135';
UPDATE NHANVIEN SET MANQL ='NV8522' WHERE MANV = 'NV6463';
UPDATE NHANVIEN SET MANQL ='NV8540' WHERE MANV = 'NV8184';
UPDATE NHANVIEN SET MANQL ='NV8562' WHERE MANV = 'NV6463';
UPDATE NHANVIEN SET MANQL ='NV8587' WHERE MANV = 'NV7820';
UPDATE NHANVIEN SET MANQL ='NV8627' WHERE MANV = 'NV5429';
UPDATE NHANVIEN SET MANQL ='NV8640' WHERE MANV = 'NV0135';
UPDATE NHANVIEN SET MANQL ='NV8650' WHERE MANV = 'NV7820';
UPDATE NHANVIEN SET MANQL ='NV8661' WHERE MANV = 'NV0601';
UPDATE NHANVIEN SET MANQL ='NV8666' WHERE MANV = 'NV6463';
UPDATE NHANVIEN SET MANQL ='NV8687' WHERE MANV = 'NV7820';
UPDATE NHANVIEN SET MANQL ='NV8697' WHERE MANV = 'NV6118';
UPDATE NHANVIEN SET MANQL ='NV8717' WHERE MANV = 'NV2618';
UPDATE NHANVIEN SET MANQL ='NV8735' WHERE MANV = 'NV6463';
UPDATE NHANVIEN SET MANQL ='NV8736' WHERE MANV = 'NV8272';
UPDATE NHANVIEN SET MANQL ='NV8763' WHERE MANV = 'NV5429';
UPDATE NHANVIEN SET MANQL ='NV8772' WHERE MANV = 'NV8804';
UPDATE NHANVIEN SET MANQL ='NV8828' WHERE MANV = 'NV7820';
UPDATE NHANVIEN SET MANQL ='NV8858' WHERE MANV = 'NV0135';
UPDATE NHANVIEN SET MANQL ='NV8890' WHERE MANV = 'NV7182';
UPDATE NHANVIEN SET MANQL ='NV8891' WHERE MANV = 'NV5429';
UPDATE NHANVIEN SET MANQL ='NV8897' WHERE MANV = 'NV0135';
UPDATE NHANVIEN SET MANQL ='NV8955' WHERE MANV = 'NV3269';
UPDATE NHANVIEN SET MANQL ='NV9046' WHERE MANV = 'NV5371';
UPDATE NHANVIEN SET MANQL ='NV9066' WHERE MANV = 'NV3269';
UPDATE NHANVIEN SET MANQL ='NV9072' WHERE MANV = 'NV8272';
UPDATE NHANVIEN SET MANQL ='NV9081' WHERE MANV = 'NV5429';
UPDATE NHANVIEN SET MANQL ='NV9144' WHERE MANV = 'NV0601';
UPDATE NHANVIEN SET MANQL ='NV9148' WHERE MANV = 'NV0135';
UPDATE NHANVIEN SET MANQL ='NV9188' WHERE MANV = 'NV6118';
UPDATE NHANVIEN SET MANQL ='NV9248' WHERE MANV = 'NV6463';
UPDATE NHANVIEN SET MANQL ='NV9265' WHERE MANV = 'NV6118';
UPDATE NHANVIEN SET MANQL ='NV9412' WHERE MANV = 'NV6118';
UPDATE NHANVIEN SET MANQL ='NV9449' WHERE MANV = 'NV5429';
UPDATE NHANVIEN SET MANQL ='NV9462' WHERE MANV = 'NV7182';
UPDATE NHANVIEN SET MANQL ='NV9501' WHERE MANV = 'NV6118';
UPDATE NHANVIEN SET MANQL ='NV9519' WHERE MANV = 'NV8184';
UPDATE NHANVIEN SET MANQL ='NV9525' WHERE MANV = 'NV6118';
UPDATE NHANVIEN SET MANQL ='NV9617' WHERE MANV = 'NV0135';
UPDATE NHANVIEN SET MANQL ='NV9631' WHERE MANV = 'NV2618';
UPDATE NHANVIEN SET MANQL ='NV9639' WHERE MANV = 'NV3354';
UPDATE NHANVIEN SET MANQL ='NV9656' WHERE MANV = 'NV0135';
UPDATE NHANVIEN SET MANQL ='NV9693' WHERE MANV = 'NV0601';
UPDATE NHANVIEN SET MANQL ='NV9800' WHERE MANV = 'NV6463';
UPDATE NHANVIEN SET MANQL ='NV9872' WHERE MANV = 'NV9606';
UPDATE NHANVIEN SET MANQL ='NV9983' WHERE MANV = 'NV7820';
UPDATE NHANVIEN SET MANQL ='NV0022' WHERE MANV = 'NV9606';
UPDATE NHANVIEN SET MANQL ='NV0114' WHERE MANV = 'NV7820';
UPDATE NHANVIEN SET MANQL ='NV0135' WHERE MANV = 'NV8804';
UPDATE NHANVIEN SET MANQL ='NV0157' WHERE MANV = 'NV0170';
UPDATE NHANVIEN SET MANQL ='NV0170' WHERE MANV = 'NV0170';
UPDATE NHANVIEN SET MANQL ='NV0174' WHERE MANV = 'NV2618';
UPDATE NHANVIEN SET MANQL ='NV0189' WHERE MANV = 'NV8184';
UPDATE NHANVIEN SET MANQL ='NV0232' WHERE MANV = 'NV3354';
UPDATE NHANVIEN SET MANQL ='NV0274' WHERE MANV = NULL;
UPDATE NHANVIEN SET MANQL ='NV0462' WHERE MANV = 'NV5429';
UPDATE NHANVIEN SET MANQL ='NV0597' WHERE MANV = 'NV3354';
UPDATE NHANVIEN SET MANQL ='NV0601' WHERE MANV = 'NV5371';
UPDATE NHANVIEN SET MANQL ='NV0672' WHERE MANV = 'NV9606';
UPDATE NHANVIEN SET MANQL ='NV0688' WHERE MANV = 'NV0672';
UPDATE NHANVIEN SET MANQL ='NV0972' WHERE MANV = NULL;
UPDATE NHANVIEN SET MANQL ='NV1062' WHERE MANV = 'NV3269';
UPDATE NHANVIEN SET MANQL ='NV1583' WHERE MANV = 'NV3354';
UPDATE NHANVIEN SET MANQL ='NV2062' WHERE MANV = 'NV7182';
UPDATE NHANVIEN SET MANQL ='NV2501' WHERE MANV = 'NV9606';
UPDATE NHANVIEN SET MANQL ='NV2576' WHERE MANV = 'NV3354';
UPDATE NHANVIEN SET MANQL ='NV2618' WHERE MANV = 'NV7182';
UPDATE NHANVIEN SET MANQL ='NV3010' WHERE MANV = 'NV5429';
UPDATE NHANVIEN SET MANQL ='NV3269' WHERE MANV = 'NV9606';
UPDATE NHANVIEN SET MANQL ='NV3354' WHERE MANV = 'NV3354';
UPDATE NHANVIEN SET MANQL ='NV3468' WHERE MANV = NULL;
UPDATE NHANVIEN SET MANQL ='NV4125' WHERE MANV = NULL;
UPDATE NHANVIEN SET MANQL ='NV4963' WHERE MANV = NULL;
UPDATE NHANVIEN SET MANQL ='NV4994' WHERE MANV = 'NV3010';
UPDATE NHANVIEN SET MANQL ='NV5315' WHERE MANV = 'NV0672';
UPDATE NHANVIEN SET MANQL ='NV5371' WHERE MANV = 'NV5371';
UPDATE NHANVIEN SET MANQL ='NV5429' WHERE MANV = 'NV3010';
UPDATE NHANVIEN SET MANQL ='NV5802' WHERE MANV = 'NV9606';
UPDATE NHANVIEN SET MANQL ='NV6001' WHERE MANV = 'NV8184';
UPDATE NHANVIEN SET MANQL ='NV6118' WHERE MANV = 'NV6118';
UPDATE NHANVIEN SET MANQL ='NV6463' WHERE MANV = 'NV6463';
UPDATE NHANVIEN SET MANQL ='NV6911' WHERE MANV = 'NV8272';
UPDATE NHANVIEN SET MANQL ='NV7182' WHERE MANV = 'NV2618';
UPDATE NHANVIEN SET MANQL ='NV7820' WHERE MANV = 'NV7820';
UPDATE NHANVIEN SET MANQL ='NV7936' WHERE MANV = 'NV9606';
UPDATE NHANVIEN SET MANQL ='NV8070' WHERE MANV = 'NV0601';
UPDATE NHANVIEN SET MANQL ='NV8163' WHERE MANV = 'NV8184';
UPDATE NHANVIEN SET MANQL ='NV8184' WHERE MANV = 'NV5371';
UPDATE NHANVIEN SET MANQL ='NV8272' WHERE MANV = 'NV8272';
UPDATE NHANVIEN SET MANQL ='NV8804' WHERE MANV = 'NV8272';
UPDATE NHANVIEN SET MANQL ='NV9606' WHERE MANV = 'NV9606';
UPDATE NHANVIEN SET MANQL ='NV9967' WHERE MANV = 'NV0672';
/
UPDATE PHONGBAN SET TRPHG ='NV0157' WHERE MAPB = 'PB0001';
UPDATE PHONGBAN SET TRPHG ='NV0174' WHERE MAPB = 'PB0002';
UPDATE PHONGBAN SET TRPHG ='NV0232' WHERE MAPB = 'PB0003';
UPDATE PHONGBAN SET TRPHG ='NV0135' WHERE MAPB = 'PB0004';
UPDATE PHONGBAN SET TRPHG ='NV0022' WHERE MAPB = 'PB0005';
UPDATE PHONGBAN SET TRPHG ='NV0189' WHERE MAPB = 'PB0006';
UPDATE PHONGBAN SET TRPHG ='NV0462' WHERE MAPB = 'PB0007';
UPDATE PHONGBAN SET TRPHG ='NV0114' WHERE MAPB = 'PB0008';
/
/
INSERT INTO DEAN (MADA, TENDA, NGAYBD, PHONG) 
VALUES ('DA0001', N'Xác thực quá trình đóng thuế', to_date('06/20/1974', 'MM/DD/RRRR'), 'PB0004');

INSERT INTO DEAN (MADA, TENDA, NGAYBD, PHONG) 
VALUES ('DA0002', N'Tái chế thiết bị cũ', to_date('08/18/1960', 'MM/DD/RRRR'), 'PB0003');

INSERT INTO DEAN (MADA, TENDA, NGAYBD, PHONG) 
VALUES ('DA0003', N'Nghiên cứu cải tiến đào tạo nhân sự', to_date('03/10/1984', 'MM/DD/RRRR'), 'PB0001');

INSERT INTO DEAN (MADA, TENDA, NGAYBD, PHONG) 
VALUES ('DA0004', N'Tìm hiểu thiết bị công nghệ tiên tiến', to_date('12/14/2021', 'MM/DD/RRRR'), 'PB0004');

INSERT INTO DEAN (MADA, TENDA, NGAYBD, PHONG) 
VALUES ('DA0005', N'Nghiên cứu cải tiến chính sách cty', to_date('12/23/2006', 'MM/DD/RRRR'), 'PB0007');

INSERT INTO DEAN (MADA, TENDA, NGAYBD, PHONG) 
VALUES ('DA0006', N'Xây dựng môi trường làm việc xanh', to_date('08/15/1964', 'MM/DD/RRRR'), 'PB0005');

INSERT INTO DEAN (MADA, TENDA, NGAYBD, PHONG) 
VALUES ('DA0007', N'Nghiên cứu xu hướng thị trường', to_date('04/17/1981', 'MM/DD/RRRR'), 'PB0005');

INSERT INTO DEAN (MADA, TENDA, NGAYBD, PHONG) 
VALUES ('DA0008', N'Cải tiến chất lượng CSKH', to_date('02/24/2009', 'MM/DD/RRRR'), 'PB0004');
/

INSERT INTO PHANCONG (MANV, MADA, THOIGIAN) 
VALUES ('NV0022', 'DA0004', to_date('12/28/2007', 'MM/DD/RRRR'));

INSERT INTO PHANCONG (MANV, MADA, THOIGIAN) 
VALUES ('NV0135', 'DA0004', to_date('09/12/2010', 'MM/DD/RRRR'));

INSERT INTO PHANCONG (MANV, MADA, THOIGIAN) 
VALUES ('NV0157', 'DA0001', to_date('07/20/2009', 'MM/DD/RRRR'));

INSERT INTO PHANCONG (MANV, MADA, THOIGIAN) 
VALUES ('NV0157', 'DA0004', to_date('01/01/2014', 'MM/DD/RRRR'));

INSERT INTO PHANCONG (MANV, MADA, THOIGIAN) 
VALUES ('NV0170', 'DA0005', to_date('09/18/2009', 'MM/DD/RRRR'));

INSERT INTO PHANCONG (MANV, MADA, THOIGIAN) 
VALUES ('NV0189', 'DA0002', to_date('05/08/2021', 'MM/DD/RRRR'));

INSERT INTO PHANCONG (MANV, MADA, THOIGIAN) 
VALUES ('NV0238', 'DA0004', to_date('01/29/2017', 'MM/DD/RRRR'));

INSERT INTO PHANCONG (MANV, MADA, THOIGIAN) 
VALUES ('NV0351', 'DA0006', to_date('09/29/2020', 'MM/DD/RRRR'));

INSERT INTO PHANCONG (MANV, MADA, THOIGIAN) 
VALUES ('NV0417', 'DA0004', to_date('03/26/2017', 'MM/DD/RRRR'));

INSERT INTO PHANCONG (MANV, MADA, THOIGIAN) 
VALUES ('NV0430', 'DA0008', to_date('04/14/2012', 'MM/DD/RRRR'));

INSERT INTO PHANCONG (MANV, MADA, THOIGIAN) 
VALUES ('NV0462', 'DA0003', to_date('01/08/2006', 'MM/DD/RRRR'));

INSERT INTO PHANCONG (MANV, MADA, THOIGIAN) 
VALUES ('NV0597', 'DA0003', to_date('05/30/2019', 'MM/DD/RRRR'));

INSERT INTO PHANCONG (MANV, MADA, THOIGIAN) 
VALUES ('NV0600', 'DA0006', to_date('10/25/2013', 'MM/DD/RRRR'));

INSERT INTO PHANCONG (MANV, MADA, THOIGIAN) 
VALUES ('NV0601', 'DA0002', to_date('11/28/2015', 'MM/DD/RRRR'));

INSERT INTO PHANCONG (MANV, MADA, THOIGIAN) 
VALUES ('NV0601', 'DA0006', to_date('05/08/2016', 'MM/DD/RRRR'));

INSERT INTO PHANCONG (MANV, MADA, THOIGIAN) 
VALUES ('NV0601', 'DA0007', to_date('03/19/2007', 'MM/DD/RRRR'));

INSERT INTO PHANCONG (MANV, MADA, THOIGIAN) 
VALUES ('NV0610', 'DA0005', to_date('04/03/2018', 'MM/DD/RRRR'));

INSERT INTO PHANCONG (MANV, MADA, THOIGIAN) 
VALUES ('NV0672', 'DA0005', to_date('11/29/2013', 'MM/DD/RRRR'));

INSERT INTO PHANCONG (MANV, MADA, THOIGIAN) 
VALUES ('NV0680', 'DA0002', to_date('10/01/2016', 'MM/DD/RRRR'));

INSERT INTO PHANCONG (MANV, MADA, THOIGIAN) 
VALUES ('NV0688', 'DA0005', to_date('04/17/2014', 'MM/DD/RRRR'));

INSERT INTO PHANCONG (MANV, MADA, THOIGIAN) 
VALUES ('NV0688', 'DA0006', to_date('08/22/2014', 'MM/DD/RRRR'));

INSERT INTO PHANCONG (MANV, MADA, THOIGIAN) 
VALUES ('NV0766', 'DA0002', to_date('05/23/2007', 'MM/DD/RRRR'));

INSERT INTO PHANCONG (MANV, MADA, THOIGIAN) 
VALUES ('NV0791', 'DA0005', to_date('09/03/2020', 'MM/DD/RRRR'));

INSERT INTO PHANCONG (MANV, MADA, THOIGIAN) 
VALUES ('NV0791', 'DA0007', to_date('04/30/2019', 'MM/DD/RRRR'));

INSERT INTO PHANCONG (MANV, MADA, THOIGIAN) 
VALUES ('NV0793', 'DA0002', to_date('06/17/2006', 'MM/DD/RRRR'));

INSERT INTO PHANCONG (MANV, MADA, THOIGIAN) 
VALUES ('NV0793', 'DA0008', to_date('08/06/2017', 'MM/DD/RRRR'));

INSERT INTO PHANCONG (MANV, MADA, THOIGIAN) 
VALUES ('NV0805', 'DA0001', to_date('08/30/2009', 'MM/DD/RRRR'));

INSERT INTO PHANCONG (MANV, MADA, THOIGIAN) 
VALUES ('NV0884', 'DA0003', to_date('03/12/2009', 'MM/DD/RRRR'));

INSERT INTO PHANCONG (MANV, MADA, THOIGIAN) 
VALUES ('NV0965', 'DA0005', to_date('11/28/2011', 'MM/DD/RRRR'));

INSERT INTO PHANCONG (MANV, MADA, THOIGIAN) 
VALUES ('NV0972', 'DA0006', to_date('01/24/2021', 'MM/DD/RRRR'));

INSERT INTO PHANCONG (MANV, MADA, THOIGIAN) 
VALUES ('NV1062', 'DA0001', to_date('08/12/2020', 'MM/DD/RRRR'));

INSERT INTO PHANCONG (MANV, MADA, THOIGIAN) 
VALUES ('NV1062', 'DA0004', to_date('09/20/2016', 'MM/DD/RRRR'));

INSERT INTO PHANCONG (MANV, MADA, THOIGIAN) 
VALUES ('NV1114', 'DA0001', to_date('08/09/2017', 'MM/DD/RRRR'));

INSERT INTO PHANCONG (MANV, MADA, THOIGIAN) 
VALUES ('NV1114', 'DA0008', to_date('10/21/2021', 'MM/DD/RRRR'));

INSERT INTO PHANCONG (MANV, MADA, THOIGIAN) 
VALUES ('NV1169', 'DA0008', to_date('11/11/2021', 'MM/DD/RRRR'));

INSERT INTO PHANCONG (MANV, MADA, THOIGIAN) 
VALUES ('NV1372', 'DA0003', to_date('12/19/2022', 'MM/DD/RRRR'));

INSERT INTO PHANCONG (MANV, MADA, THOIGIAN) 
VALUES ('NV1393', 'DA0005', to_date('04/24/2008', 'MM/DD/RRRR'));

INSERT INTO PHANCONG (MANV, MADA, THOIGIAN) 
VALUES ('NV1420', 'DA0004', to_date('11/11/2021', 'MM/DD/RRRR'));

INSERT INTO PHANCONG (MANV, MADA, THOIGIAN) 
VALUES ('NV1468', 'DA0001', to_date('06/18/2014', 'MM/DD/RRRR'));

INSERT INTO PHANCONG (MANV, MADA, THOIGIAN) 
VALUES ('NV1524', 'DA0006', to_date('08/21/2012', 'MM/DD/RRRR'));

INSERT INTO PHANCONG (MANV, MADA, THOIGIAN) 
VALUES ('NV1561', 'DA0001', to_date('04/25/2010', 'MM/DD/RRRR'));

INSERT INTO PHANCONG (MANV, MADA, THOIGIAN) 
VALUES ('NV1561', 'DA0003', to_date('12/03/2014', 'MM/DD/RRRR'));

INSERT INTO PHANCONG (MANV, MADA, THOIGIAN) 
VALUES ('NV1583', 'DA0004', to_date('05/29/2009', 'MM/DD/RRRR'));

INSERT INTO PHANCONG (MANV, MADA, THOIGIAN) 
VALUES ('NV1603', 'DA0001', to_date('10/11/2008', 'MM/DD/RRRR'));

INSERT INTO PHANCONG (MANV, MADA, THOIGIAN) 
VALUES ('NV1612', 'DA0006', to_date('10/09/2007', 'MM/DD/RRRR'));

INSERT INTO PHANCONG (MANV, MADA, THOIGIAN) 
VALUES ('NV1660', 'DA0001', to_date('11/11/2021', 'MM/DD/RRRR'));

INSERT INTO PHANCONG (MANV, MADA, THOIGIAN) 
VALUES ('NV1660', 'DA0004', to_date('03/19/2012', 'MM/DD/RRRR'));

INSERT INTO PHANCONG (MANV, MADA, THOIGIAN) 
VALUES ('NV1705', 'DA0004', to_date('06/21/2019', 'MM/DD/RRRR'));

INSERT INTO PHANCONG (MANV, MADA, THOIGIAN) 
VALUES ('NV1814', 'DA0002', to_date('01/07/2005', 'MM/DD/RRRR'));

INSERT INTO PHANCONG (MANV, MADA, THOIGIAN) 
VALUES ('NV1877', 'DA0003', to_date('03/16/2020', 'MM/DD/RRRR'));

INSERT INTO PHANCONG (MANV, MADA, THOIGIAN) 
VALUES ('NV1906', 'DA0002', to_date('09/26/2015', 'MM/DD/RRRR'));

INSERT INTO PHANCONG (MANV, MADA, THOIGIAN) 
VALUES ('NV1961', 'DA0002', to_date('12/02/2016', 'MM/DD/RRRR'));

INSERT INTO PHANCONG (MANV, MADA, THOIGIAN) 
VALUES ('NV1967', 'DA0005', to_date('12/27/2013', 'MM/DD/RRRR'));

INSERT INTO PHANCONG (MANV, MADA, THOIGIAN) 
VALUES ('NV1967', 'DA0007', to_date('01/17/2005', 'MM/DD/RRRR'));

INSERT INTO PHANCONG (MANV, MADA, THOIGIAN) 
VALUES ('NV2026', 'DA0001', to_date('08/17/2005', 'MM/DD/RRRR'));

INSERT INTO PHANCONG (MANV, MADA, THOIGIAN) 
VALUES ('NV2026', 'DA0004', to_date('08/01/2022', 'MM/DD/RRRR'));

INSERT INTO PHANCONG (MANV, MADA, THOIGIAN) 
VALUES ('NV2030', 'DA0008', to_date('04/01/2015', 'MM/DD/RRRR'));

INSERT INTO PHANCONG (MANV, MADA, THOIGIAN) 
VALUES ('NV2040', 'DA0008', to_date('09/24/2005', 'MM/DD/RRRR'));

INSERT INTO PHANCONG (MANV, MADA, THOIGIAN) 
VALUES ('NV2054', 'DA0003', to_date('06/15/2005', 'MM/DD/RRRR'));

INSERT INTO PHANCONG (MANV, MADA, THOIGIAN) 
VALUES ('NV2054', 'DA0005', to_date('12/11/2006', 'MM/DD/RRRR'));

INSERT INTO PHANCONG (MANV, MADA, THOIGIAN) 
VALUES ('NV2054', 'DA0007', to_date('11/11/2021', 'MM/DD/RRRR'));

INSERT INTO PHANCONG (MANV, MADA, THOIGIAN) 
VALUES ('NV2081', 'DA0001', to_date('07/30/2013', 'MM/DD/RRRR'));

INSERT INTO PHANCONG (MANV, MADA, THOIGIAN) 
VALUES ('NV2100', 'DA0007', to_date('06/07/2018', 'MM/DD/RRRR'));

INSERT INTO PHANCONG (MANV, MADA, THOIGIAN) 
VALUES ('NV2194', 'DA0006', to_date('06/24/2015', 'MM/DD/RRRR'));

INSERT INTO PHANCONG (MANV, MADA, THOIGIAN) 
VALUES ('NV2210', 'DA0001', to_date('10/03/2020', 'MM/DD/RRRR'));

INSERT INTO PHANCONG (MANV, MADA, THOIGIAN) 
VALUES ('NV2225', 'DA0006', to_date('08/18/2021', 'MM/DD/RRRR'));

INSERT INTO PHANCONG (MANV, MADA, THOIGIAN) 
VALUES ('NV2254', 'DA0006', to_date('10/10/2007', 'MM/DD/RRRR'));

INSERT INTO PHANCONG (MANV, MADA, THOIGIAN) 
VALUES ('NV2254', 'DA0007', to_date('07/04/2017', 'MM/DD/RRRR'));

INSERT INTO PHANCONG (MANV, MADA, THOIGIAN) 
VALUES ('NV2261', 'DA0005', to_date('05/11/2022', 'MM/DD/RRRR'));

INSERT INTO PHANCONG (MANV, MADA, THOIGIAN) 
VALUES ('NV2292', 'DA0002', to_date('11/11/2021', 'MM/DD/RRRR'));

INSERT INTO PHANCONG (MANV, MADA, THOIGIAN) 
VALUES ('NV2368', 'DA0006', to_date('03/22/2018', 'MM/DD/RRRR'));

INSERT INTO PHANCONG (MANV, MADA, THOIGIAN) 
VALUES ('NV2409', 'DA0006', to_date('10/14/2021', 'MM/DD/RRRR'));

INSERT INTO PHANCONG (MANV, MADA, THOIGIAN) 
VALUES ('NV2520', 'DA0002', to_date('11/11/2021', 'MM/DD/RRRR'));

INSERT INTO PHANCONG (MANV, MADA, THOIGIAN) 
VALUES ('NV2520', 'DA0007', to_date('03/08/2009', 'MM/DD/RRRR'));

INSERT INTO PHANCONG (MANV, MADA, THOIGIAN) 
VALUES ('NV2532', 'DA0004', to_date('06/15/2006', 'MM/DD/RRRR'));

INSERT INTO PHANCONG (MANV, MADA, THOIGIAN) 
VALUES ('NV2566', 'DA0006', to_date('08/11/2021', 'MM/DD/RRRR'));

INSERT INTO PHANCONG (MANV, MADA, THOIGIAN) 
VALUES ('NV2576', 'DA0001', to_date('05/06/2021', 'MM/DD/RRRR'));

INSERT INTO PHANCONG (MANV, MADA, THOIGIAN) 
VALUES ('NV2576', 'DA0003', to_date('08/13/2010', 'MM/DD/RRRR'));

INSERT INTO PHANCONG (MANV, MADA, THOIGIAN) 
VALUES ('NV2576', 'DA0005', to_date('04/12/2013', 'MM/DD/RRRR'));

INSERT INTO PHANCONG (MANV, MADA, THOIGIAN) 
VALUES ('NV2634', 'DA0001', to_date('06/13/2009', 'MM/DD/RRRR'));

INSERT INTO PHANCONG (MANV, MADA, THOIGIAN) 
VALUES ('NV2640', 'DA0005', to_date('07/17/2021', 'MM/DD/RRRR'));

INSERT INTO PHANCONG (MANV, MADA, THOIGIAN) 
VALUES ('NV2852', 'DA0007', to_date('03/24/2008', 'MM/DD/RRRR'));

INSERT INTO PHANCONG (MANV, MADA, THOIGIAN) 
VALUES ('NV3009', 'DA0005', to_date('07/27/2009', 'MM/DD/RRRR'));

INSERT INTO PHANCONG (MANV, MADA, THOIGIAN) 
VALUES ('NV3051', 'DA0004', to_date('01/03/2016', 'MM/DD/RRRR'));

INSERT INTO PHANCONG (MANV, MADA, THOIGIAN) 
VALUES ('NV3051', 'DA0008', to_date('11/05/2010', 'MM/DD/RRRR'));

INSERT INTO PHANCONG (MANV, MADA, THOIGIAN) 
VALUES ('NV3070', 'DA0002', to_date('02/27/2005', 'MM/DD/RRRR'));

INSERT INTO PHANCONG (MANV, MADA, THOIGIAN) 
VALUES ('NV3138', 'DA0001', to_date('07/01/2021', 'MM/DD/RRRR'));

INSERT INTO PHANCONG (MANV, MADA, THOIGIAN) 
VALUES ('NV3163', 'DA0002', to_date('01/17/2014', 'MM/DD/RRRR'));

INSERT INTO PHANCONG (MANV, MADA, THOIGIAN) 
VALUES ('NV3224', 'DA0003', to_date('07/09/2012', 'MM/DD/RRRR'));

INSERT INTO PHANCONG (MANV, MADA, THOIGIAN) 
VALUES ('NV3269', 'DA0003', to_date('12/17/2008', 'MM/DD/RRRR'));

INSERT INTO PHANCONG (MANV, MADA, THOIGIAN) 
VALUES ('NV3354', 'DA0002', to_date('08/12/2006', 'MM/DD/RRRR'));

INSERT INTO PHANCONG (MANV, MADA, THOIGIAN) 
VALUES ('NV3359', 'DA0006', to_date('07/30/2019', 'MM/DD/RRRR'));

INSERT INTO PHANCONG (MANV, MADA, THOIGIAN) 
VALUES ('NV3359', 'DA0008', to_date('05/12/2008', 'MM/DD/RRRR'));

INSERT INTO PHANCONG (MANV, MADA, THOIGIAN) 
VALUES ('NV3411', 'DA0001', to_date('10/02/2011', 'MM/DD/RRRR'));

INSERT INTO PHANCONG (MANV, MADA, THOIGIAN) 
VALUES ('NV3422', 'DA0002', to_date('11/07/2018', 'MM/DD/RRRR'));

INSERT INTO PHANCONG (MANV, MADA, THOIGIAN) 
VALUES ('NV3442', 'DA0006', to_date('04/22/2020', 'MM/DD/RRRR'));

INSERT INTO PHANCONG (MANV, MADA, THOIGIAN) 
VALUES ('NV3442', 'DA0007', to_date('06/23/2005', 'MM/DD/RRRR'));

INSERT INTO PHANCONG (MANV, MADA, THOIGIAN) 
VALUES ('NV3488', 'DA0004', to_date('02/07/2009', 'MM/DD/RRRR'));

INSERT INTO PHANCONG (MANV, MADA, THOIGIAN) 
VALUES ('NV3514', 'DA0005', to_date('12/07/2011', 'MM/DD/RRRR'));

INSERT INTO PHANCONG (MANV, MADA, THOIGIAN) 
VALUES ('NV3514', 'DA0006', to_date('08/10/2018', 'MM/DD/RRRR'));

INSERT INTO PHANCONG (MANV, MADA, THOIGIAN) 
VALUES ('NV3620', 'DA0005', to_date('08/23/2010', 'MM/DD/RRRR'));

INSERT INTO PHANCONG (MANV, MADA, THOIGIAN) 
VALUES ('NV3620', 'DA0007', to_date('07/23/2013', 'MM/DD/RRRR'));

INSERT INTO PHANCONG (MANV, MADA, THOIGIAN) 
VALUES ('NV3653', 'DA0005', to_date('06/28/2016', 'MM/DD/RRRR'));

INSERT INTO PHANCONG (MANV, MADA, THOIGIAN) 
VALUES ('NV3655', 'DA0006', to_date('03/06/2011', 'MM/DD/RRRR'));

INSERT INTO PHANCONG (MANV, MADA, THOIGIAN) 
VALUES ('NV3655', 'DA0007', to_date('07/30/2010', 'MM/DD/RRRR'));

INSERT INTO PHANCONG (MANV, MADA, THOIGIAN) 
VALUES ('NV3692', 'DA0008', to_date('02/01/2019', 'MM/DD/RRRR'));

INSERT INTO PHANCONG (MANV, MADA, THOIGIAN) 
VALUES ('NV3767', 'DA0002', to_date('01/10/2012', 'MM/DD/RRRR'));

INSERT INTO PHANCONG (MANV, MADA, THOIGIAN) 
VALUES ('NV3911', 'DA0003', to_date('10/31/2020', 'MM/DD/RRRR'));

INSERT INTO PHANCONG (MANV, MADA, THOIGIAN) 
VALUES ('NV3911', 'DA0007', to_date('08/04/2016', 'MM/DD/RRRR'));

INSERT INTO PHANCONG (MANV, MADA, THOIGIAN) 
VALUES ('NV4002', 'DA0008', to_date('04/30/2007', 'MM/DD/RRRR'));

INSERT INTO PHANCONG (MANV, MADA, THOIGIAN) 
VALUES ('NV4017', 'DA0004', to_date('02/21/2011', 'MM/DD/RRRR'));

INSERT INTO PHANCONG (MANV, MADA, THOIGIAN) 
VALUES ('NV4017', 'DA0008', to_date('03/19/2012', 'MM/DD/RRRR'));

INSERT INTO PHANCONG (MANV, MADA, THOIGIAN) 
VALUES ('NV4020', 'DA0002', to_date('09/10/2019', 'MM/DD/RRRR'));

INSERT INTO PHANCONG (MANV, MADA, THOIGIAN) 
VALUES ('NV4020', 'DA0006', to_date('02/06/2018', 'MM/DD/RRRR'));

INSERT INTO PHANCONG (MANV, MADA, THOIGIAN) 
VALUES ('NV4125', 'DA0003', to_date('03/08/2011', 'MM/DD/RRRR'));

INSERT INTO PHANCONG (MANV, MADA, THOIGIAN) 
VALUES ('NV4266', 'DA0004', to_date('06/14/2007', 'MM/DD/RRRR'));

INSERT INTO PHANCONG (MANV, MADA, THOIGIAN) 
VALUES ('NV4276', 'DA0001', to_date('05/02/2017', 'MM/DD/RRRR'));

INSERT INTO PHANCONG (MANV, MADA, THOIGIAN) 
VALUES ('NV4325', 'DA0004', to_date('09/30/2008', 'MM/DD/RRRR'));

INSERT INTO PHANCONG (MANV, MADA, THOIGIAN) 
VALUES ('NV4325', 'DA0008', to_date('12/22/2012', 'MM/DD/RRRR'));

INSERT INTO PHANCONG (MANV, MADA, THOIGIAN) 
VALUES ('NV4376', 'DA0004', to_date('04/21/2014', 'MM/DD/RRRR'));

INSERT INTO PHANCONG (MANV, MADA, THOIGIAN) 
VALUES ('NV4376', 'DA0008', to_date('12/02/2010', 'MM/DD/RRRR'));

INSERT INTO PHANCONG (MANV, MADA, THOIGIAN) 
VALUES ('NV4402', 'DA0003', to_date('04/23/2007', 'MM/DD/RRRR'));

INSERT INTO PHANCONG (MANV, MADA, THOIGIAN) 
VALUES ('NV4463', 'DA0002', to_date('07/17/2008', 'MM/DD/RRRR'));

INSERT INTO PHANCONG (MANV, MADA, THOIGIAN) 
VALUES ('NV4558', 'DA0002', to_date('08/31/2015', 'MM/DD/RRRR'));

INSERT INTO PHANCONG (MANV, MADA, THOIGIAN) 
VALUES ('NV4558', 'DA0006', to_date('10/08/2012', 'MM/DD/RRRR'));

INSERT INTO PHANCONG (MANV, MADA, THOIGIAN) 
VALUES ('NV4723', 'DA0004', to_date('04/29/2007', 'MM/DD/RRRR'));

INSERT INTO PHANCONG (MANV, MADA, THOIGIAN) 
VALUES ('NV4727', 'DA0006', to_date('08/29/2019', 'MM/DD/RRRR'));

INSERT INTO PHANCONG (MANV, MADA, THOIGIAN) 
VALUES ('NV4727', 'DA0007', to_date('10/30/2013', 'MM/DD/RRRR'));

INSERT INTO PHANCONG (MANV, MADA, THOIGIAN) 
VALUES ('NV4802', 'DA0002', to_date('06/13/2006', 'MM/DD/RRRR'));

INSERT INTO PHANCONG (MANV, MADA, THOIGIAN) 
VALUES ('NV4821', 'DA0003', to_date('03/03/2015', 'MM/DD/RRRR'));

INSERT INTO PHANCONG (MANV, MADA, THOIGIAN) 
VALUES ('NV4864', 'DA0002', to_date('05/08/2013', 'MM/DD/RRRR'));

INSERT INTO PHANCONG (MANV, MADA, THOIGIAN) 
VALUES ('NV4864', 'DA0007', to_date('11/15/2007', 'MM/DD/RRRR'));

INSERT INTO PHANCONG (MANV, MADA, THOIGIAN) 
VALUES ('NV4867', 'DA0001', to_date('11/20/2016', 'MM/DD/RRRR'));

INSERT INTO PHANCONG (MANV, MADA, THOIGIAN) 
VALUES ('NV4867', 'DA0003', to_date('03/27/2018', 'MM/DD/RRRR'));

INSERT INTO PHANCONG (MANV, MADA, THOIGIAN) 
VALUES ('NV4877', 'DA0004', to_date('07/01/2022', 'MM/DD/RRRR'));

INSERT INTO PHANCONG (MANV, MADA, THOIGIAN) 
VALUES ('NV4877', 'DA0008', to_date('10/31/2019', 'MM/DD/RRRR'));

INSERT INTO PHANCONG (MANV, MADA, THOIGIAN) 
VALUES ('NV4897', 'DA0007', to_date('12/18/2013', 'MM/DD/RRRR'));

INSERT INTO PHANCONG (MANV, MADA, THOIGIAN) 
VALUES ('NV4994', 'DA0001', to_date('01/28/2011', 'MM/DD/RRRR'));

INSERT INTO PHANCONG (MANV, MADA, THOIGIAN) 
VALUES ('NV4994', 'DA0005', to_date('06/23/2009', 'MM/DD/RRRR'));

INSERT INTO PHANCONG (MANV, MADA, THOIGIAN) 
VALUES ('NV5074', 'DA0007', to_date('04/07/2014', 'MM/DD/RRRR'));

INSERT INTO PHANCONG (MANV, MADA, THOIGIAN) 
VALUES ('NV5155', 'DA0007', to_date('02/04/2017', 'MM/DD/RRRR'));

INSERT INTO PHANCONG (MANV, MADA, THOIGIAN) 
VALUES ('NV5165', 'DA0003', to_date('12/13/2016', 'MM/DD/RRRR'));

INSERT INTO PHANCONG (MANV, MADA, THOIGIAN) 
VALUES ('NV5165', 'DA0005', to_date('09/09/2019', 'MM/DD/RRRR'));

INSERT INTO PHANCONG (MANV, MADA, THOIGIAN) 
VALUES ('NV5208', 'DA0008', to_date('10/23/2005', 'MM/DD/RRRR'));

INSERT INTO PHANCONG (MANV, MADA, THOIGIAN) 
VALUES ('NV5215', 'DA0001', to_date('04/02/2009', 'MM/DD/RRRR'));

INSERT INTO PHANCONG (MANV, MADA, THOIGIAN) 
VALUES ('NV5215', 'DA0004', to_date('12/06/2017', 'MM/DD/RRRR'));

INSERT INTO PHANCONG (MANV, MADA, THOIGIAN) 
VALUES ('NV5271', 'DA0002', to_date('01/30/2017', 'MM/DD/RRRR'));

INSERT INTO PHANCONG (MANV, MADA, THOIGIAN) 
VALUES ('NV5303', 'DA0005', to_date('11/21/2008', 'MM/DD/RRRR'));

INSERT INTO PHANCONG (MANV, MADA, THOIGIAN) 
VALUES ('NV5315', 'DA0001', to_date('10/06/2014', 'MM/DD/RRRR'));

INSERT INTO PHANCONG (MANV, MADA, THOIGIAN) 
VALUES ('NV5315', 'DA0005', to_date('08/05/2014', 'MM/DD/RRRR'));

INSERT INTO PHANCONG (MANV, MADA, THOIGIAN) 
VALUES ('NV5355', 'DA0001', to_date('02/04/2017', 'MM/DD/RRRR'));

INSERT INTO PHANCONG (MANV, MADA, THOIGIAN) 
VALUES ('NV5367', 'DA0006', to_date('02/20/2010', 'MM/DD/RRRR'));

INSERT INTO PHANCONG (MANV, MADA, THOIGIAN) 
VALUES ('NV5367', 'DA0007', to_date('11/26/2022', 'MM/DD/RRRR'));

INSERT INTO PHANCONG (MANV, MADA, THOIGIAN) 
VALUES ('NV5385', 'DA0001', to_date('11/04/2007', 'MM/DD/RRRR'));

INSERT INTO PHANCONG (MANV, MADA, THOIGIAN) 
VALUES ('NV5385', 'DA0008', to_date('05/11/2011', 'MM/DD/RRRR'));

INSERT INTO PHANCONG (MANV, MADA, THOIGIAN) 
VALUES ('NV5429', 'DA0008', to_date('09/12/2008', 'MM/DD/RRRR'));

INSERT INTO PHANCONG (MANV, MADA, THOIGIAN) 
VALUES ('NV5442', 'DA0006', to_date('02/27/2011', 'MM/DD/RRRR'));

INSERT INTO PHANCONG (MANV, MADA, THOIGIAN) 
VALUES ('NV5442', 'DA0008', to_date('01/27/2006', 'MM/DD/RRRR'));

INSERT INTO PHANCONG (MANV, MADA, THOIGIAN) 
VALUES ('NV5466', 'DA0002', to_date('08/12/2011', 'MM/DD/RRRR'));

INSERT INTO PHANCONG (MANV, MADA, THOIGIAN) 
VALUES ('NV5466', 'DA0004', to_date('12/12/2017', 'MM/DD/RRRR'));

INSERT INTO PHANCONG (MANV, MADA, THOIGIAN) 
VALUES ('NV5561', 'DA0002', to_date('08/11/2009', 'MM/DD/RRRR'));

INSERT INTO PHANCONG (MANV, MADA, THOIGIAN) 
VALUES ('NV5561', 'DA0008', to_date('10/06/2014', 'MM/DD/RRRR'));

INSERT INTO PHANCONG (MANV, MADA, THOIGIAN) 
VALUES ('NV5702', 'DA0004', to_date('07/07/2019', 'MM/DD/RRRR'));

INSERT INTO PHANCONG (MANV, MADA, THOIGIAN) 
VALUES ('NV5815', 'DA0002', to_date('04/27/2020', 'MM/DD/RRRR'));

INSERT INTO PHANCONG (MANV, MADA, THOIGIAN) 
VALUES ('NV5851', 'DA0006', to_date('04/18/2018', 'MM/DD/RRRR'));

INSERT INTO PHANCONG (MANV, MADA, THOIGIAN) 
VALUES ('NV5858', 'DA0003', to_date('07/01/2016', 'MM/DD/RRRR'));

INSERT INTO PHANCONG (MANV, MADA, THOIGIAN) 
VALUES ('NV5858', 'DA0005', to_date('12/06/2011', 'MM/DD/RRRR'));

INSERT INTO PHANCONG (MANV, MADA, THOIGIAN) 
VALUES ('NV5858', 'DA0007', to_date('07/23/2022', 'MM/DD/RRRR'));

INSERT INTO PHANCONG (MANV, MADA, THOIGIAN) 
VALUES ('NV5890', 'DA0005', to_date('09/26/2006', 'MM/DD/RRRR'));

INSERT INTO PHANCONG (MANV, MADA, THOIGIAN) 
VALUES ('NV5976', 'DA0008', to_date('10/27/2010', 'MM/DD/RRRR'));

INSERT INTO PHANCONG (MANV, MADA, THOIGIAN) 
VALUES ('NV6032', 'DA0004', to_date('05/22/2014', 'MM/DD/RRRR'));

INSERT INTO PHANCONG (MANV, MADA, THOIGIAN) 
VALUES ('NV6032', 'DA0008', to_date('08/04/2010', 'MM/DD/RRRR'));

INSERT INTO PHANCONG (MANV, MADA, THOIGIAN) 
VALUES ('NV6034', 'DA0006', to_date('09/12/2012', 'MM/DD/RRRR'));

INSERT INTO PHANCONG (MANV, MADA, THOIGIAN) 
VALUES ('NV6052', 'DA0001', to_date('12/04/2017', 'MM/DD/RRRR'));

INSERT INTO PHANCONG (MANV, MADA, THOIGIAN) 
VALUES ('NV6052', 'DA0003', to_date('03/23/2006', 'MM/DD/RRRR'));

INSERT INTO PHANCONG (MANV, MADA, THOIGIAN) 
VALUES ('NV6052', 'DA0004', to_date('02/12/2018', 'MM/DD/RRRR'));

INSERT INTO PHANCONG (MANV, MADA, THOIGIAN) 
VALUES ('NV6090', 'DA0002', to_date('02/11/2008', 'MM/DD/RRRR'));

INSERT INTO PHANCONG (MANV, MADA, THOIGIAN) 
VALUES ('NV6269', 'DA0008', to_date('09/26/2013', 'MM/DD/RRRR'));

INSERT INTO PHANCONG (MANV, MADA, THOIGIAN) 
VALUES ('NV6275', 'DA0002', to_date('04/11/2013', 'MM/DD/RRRR'));

INSERT INTO PHANCONG (MANV, MADA, THOIGIAN) 
VALUES ('NV6275', 'DA0004', to_date('06/08/2019', 'MM/DD/RRRR'));

INSERT INTO PHANCONG (MANV, MADA, THOIGIAN) 
VALUES ('NV6275', 'DA0008', to_date('08/17/2010', 'MM/DD/RRRR'));

INSERT INTO PHANCONG (MANV, MADA, THOIGIAN) 
VALUES ('NV6289', 'DA0008', to_date('09/22/2009', 'MM/DD/RRRR'));

INSERT INTO PHANCONG (MANV, MADA, THOIGIAN) 
VALUES ('NV6315', 'DA0001', to_date('02/21/2021', 'MM/DD/RRRR'));

INSERT INTO PHANCONG (MANV, MADA, THOIGIAN) 
VALUES ('NV6331', 'DA0001', to_date('07/06/2016', 'MM/DD/RRRR'));

INSERT INTO PHANCONG (MANV, MADA, THOIGIAN) 
VALUES ('NV6369', 'DA0008', to_date('05/11/2020', 'MM/DD/RRRR'));

INSERT INTO PHANCONG (MANV, MADA, THOIGIAN) 
VALUES ('NV6448', 'DA0004', to_date('04/05/2018', 'MM/DD/RRRR'));

INSERT INTO PHANCONG (MANV, MADA, THOIGIAN) 
VALUES ('NV6452', 'DA0004', to_date('05/22/2012', 'MM/DD/RRRR'));

INSERT INTO PHANCONG (MANV, MADA, THOIGIAN) 
VALUES ('NV6452', 'DA0008', to_date('06/23/2006', 'MM/DD/RRRR'));

INSERT INTO PHANCONG (MANV, MADA, THOIGIAN) 
VALUES ('NV6463', 'DA0006', to_date('02/14/2011', 'MM/DD/RRRR'));

INSERT INTO PHANCONG (MANV, MADA, THOIGIAN) 
VALUES ('NV6498', 'DA0006', to_date('06/20/2013', 'MM/DD/RRRR'));

INSERT INTO PHANCONG (MANV, MADA, THOIGIAN) 
VALUES ('NV6517', 'DA0008', to_date('03/07/2016', 'MM/DD/RRRR'));

INSERT INTO PHANCONG (MANV, MADA, THOIGIAN) 
VALUES ('NV6587', 'DA0002', to_date('02/16/2016', 'MM/DD/RRRR'));

INSERT INTO PHANCONG (MANV, MADA, THOIGIAN) 
VALUES ('NV6600', 'DA0002', to_date('08/31/2009', 'MM/DD/RRRR'));

INSERT INTO PHANCONG (MANV, MADA, THOIGIAN) 
VALUES ('NV6635', 'DA0004', to_date('10/20/2019', 'MM/DD/RRRR'));

INSERT INTO PHANCONG (MANV, MADA, THOIGIAN) 
VALUES ('NV6640', 'DA0001', to_date('03/01/2018', 'MM/DD/RRRR'));

INSERT INTO PHANCONG (MANV, MADA, THOIGIAN) 
VALUES ('NV6644', 'DA0003', to_date('11/16/2014', 'MM/DD/RRRR'));

INSERT INTO PHANCONG (MANV, MADA, THOIGIAN) 
VALUES ('NV6644', 'DA0004', to_date('05/05/2016', 'MM/DD/RRRR'));

INSERT INTO PHANCONG (MANV, MADA, THOIGIAN) 
VALUES ('NV6657', 'DA0006', to_date('02/01/2018', 'MM/DD/RRRR'));

INSERT INTO PHANCONG (MANV, MADA, THOIGIAN) 
VALUES ('NV6693', 'DA0002', to_date('04/18/2013', 'MM/DD/RRRR'));

INSERT INTO PHANCONG (MANV, MADA, THOIGIAN) 
VALUES ('NV6693', 'DA0004', to_date('12/11/2021', 'MM/DD/RRRR'));

INSERT INTO PHANCONG (MANV, MADA, THOIGIAN) 
VALUES ('NV6710', 'DA0001', to_date('01/22/2019', 'MM/DD/RRRR'));

INSERT INTO PHANCONG (MANV, MADA, THOIGIAN) 
VALUES ('NV6784', 'DA0007', to_date('08/02/2017', 'MM/DD/RRRR'));

INSERT INTO PHANCONG (MANV, MADA, THOIGIAN) 
VALUES ('NV6818', 'DA0002', to_date('02/05/2017', 'MM/DD/RRRR'));

INSERT INTO PHANCONG (MANV, MADA, THOIGIAN) 
VALUES ('NV6818', 'DA0004', to_date('10/20/2006', 'MM/DD/RRRR'));

INSERT INTO PHANCONG (MANV, MADA, THOIGIAN) 
VALUES ('NV6825', 'DA0002', to_date('02/03/2005', 'MM/DD/RRRR'));

INSERT INTO PHANCONG (MANV, MADA, THOIGIAN) 
VALUES ('NV6903', 'DA0005', to_date('09/13/2009', 'MM/DD/RRRR'));

INSERT INTO PHANCONG (MANV, MADA, THOIGIAN) 
VALUES ('NV6911', 'DA0008', to_date('09/03/2022', 'MM/DD/RRRR'));

INSERT INTO PHANCONG (MANV, MADA, THOIGIAN) 
VALUES ('NV6924', 'DA0001', to_date('04/08/2019', 'MM/DD/RRRR'));

INSERT INTO PHANCONG (MANV, MADA, THOIGIAN) 
VALUES ('NV6994', 'DA0001', to_date('11/11/2021', 'MM/DD/RRRR'));

INSERT INTO PHANCONG (MANV, MADA, THOIGIAN) 
VALUES ('NV7018', 'DA0004', to_date('03/12/2014', 'MM/DD/RRRR'));

INSERT INTO PHANCONG (MANV, MADA, THOIGIAN) 
VALUES ('NV7018', 'DA0008', to_date('09/03/2005', 'MM/DD/RRRR'));

INSERT INTO PHANCONG (MANV, MADA, THOIGIAN) 
VALUES ('NV7031', 'DA0002', to_date('07/18/2009', 'MM/DD/RRRR'));

INSERT INTO PHANCONG (MANV, MADA, THOIGIAN) 
VALUES ('NV7031', 'DA0008', to_date('09/14/2017', 'MM/DD/RRRR'));

INSERT INTO PHANCONG (MANV, MADA, THOIGIAN) 
VALUES ('NV7049', 'DA0001', to_date('01/29/2011', 'MM/DD/RRRR'));

INSERT INTO PHANCONG (MANV, MADA, THOIGIAN) 
VALUES ('NV7082', 'DA0007', to_date('02/18/2014', 'MM/DD/RRRR'));

INSERT INTO PHANCONG (MANV, MADA, THOIGIAN) 
VALUES ('NV7137', 'DA0005', to_date('11/07/2020', 'MM/DD/RRRR'));

INSERT INTO PHANCONG (MANV, MADA, THOIGIAN) 
VALUES ('NV7228', 'DA0003', to_date('07/15/2022', 'MM/DD/RRRR'));

INSERT INTO PHANCONG (MANV, MADA, THOIGIAN) 
VALUES ('NV7302', 'DA0005', to_date('09/14/2007', 'MM/DD/RRRR'));

INSERT INTO PHANCONG (MANV, MADA, THOIGIAN) 
VALUES ('NV7337', 'DA0006', to_date('11/19/2020', 'MM/DD/RRRR'));

INSERT INTO PHANCONG (MANV, MADA, THOIGIAN) 
VALUES ('NV7337', 'DA0007', to_date('06/03/2009', 'MM/DD/RRRR'));

INSERT INTO PHANCONG (MANV, MADA, THOIGIAN) 
VALUES ('NV7341', 'DA0008', to_date('08/19/2010', 'MM/DD/RRRR'));

INSERT INTO PHANCONG (MANV, MADA, THOIGIAN) 
VALUES ('NV7347', 'DA0004', to_date('11/10/2006', 'MM/DD/RRRR'));

INSERT INTO PHANCONG (MANV, MADA, THOIGIAN) 
VALUES ('NV7372', 'DA0005', to_date('03/02/2008', 'MM/DD/RRRR'));

INSERT INTO PHANCONG (MANV, MADA, THOIGIAN) 
VALUES ('NV7525', 'DA0006', to_date('04/03/2017', 'MM/DD/RRRR'));

INSERT INTO PHANCONG (MANV, MADA, THOIGIAN) 
VALUES ('NV7819', 'DA0007', to_date('09/07/2012', 'MM/DD/RRRR'));

INSERT INTO PHANCONG (MANV, MADA, THOIGIAN) 
VALUES ('NV7820', 'DA0001', to_date('03/04/2022', 'MM/DD/RRRR'));

INSERT INTO PHANCONG (MANV, MADA, THOIGIAN) 
VALUES ('NV7849', 'DA0001', to_date('04/28/2014', 'MM/DD/RRRR'));

INSERT INTO PHANCONG (MANV, MADA, THOIGIAN) 
VALUES ('NV7869', 'DA0006', to_date('10/26/2022', 'MM/DD/RRRR'));

INSERT INTO PHANCONG (MANV, MADA, THOIGIAN) 
VALUES ('NV7879', 'DA0001', to_date('02/20/2010', 'MM/DD/RRRR'));

INSERT INTO PHANCONG (MANV, MADA, THOIGIAN) 
VALUES ('NV7879', 'DA0005', to_date('12/12/2018', 'MM/DD/RRRR'));

INSERT INTO PHANCONG (MANV, MADA, THOIGIAN) 
VALUES ('NV7936', 'DA0002', to_date('07/08/2020', 'MM/DD/RRRR'));

INSERT INTO PHANCONG (MANV, MADA, THOIGIAN) 
VALUES ('NV7978', 'DA0008', to_date('05/09/2009', 'MM/DD/RRRR'));

INSERT INTO PHANCONG (MANV, MADA, THOIGIAN) 
VALUES ('NV8001', 'DA0002', to_date('06/08/2013', 'MM/DD/RRRR'));

INSERT INTO PHANCONG (MANV, MADA, THOIGIAN) 
VALUES ('NV8001', 'DA0006', to_date('08/26/2017', 'MM/DD/RRRR'));

INSERT INTO PHANCONG (MANV, MADA, THOIGIAN) 
VALUES ('NV8020', 'DA0003', to_date('05/01/2017', 'MM/DD/RRRR'));

INSERT INTO PHANCONG (MANV, MADA, THOIGIAN) 
VALUES ('NV8020', 'DA0007', to_date('11/24/2022', 'MM/DD/RRRR'));

INSERT INTO PHANCONG (MANV, MADA, THOIGIAN) 
VALUES ('NV8045', 'DA0008', to_date('07/01/2009', 'MM/DD/RRRR'));

INSERT INTO PHANCONG (MANV, MADA, THOIGIAN) 
VALUES ('NV8068', 'DA0003', to_date('12/26/2009', 'MM/DD/RRRR'));

INSERT INTO PHANCONG (MANV, MADA, THOIGIAN) 
VALUES ('NV8163', 'DA0006', to_date('09/09/2016', 'MM/DD/RRRR'));

INSERT INTO PHANCONG (MANV, MADA, THOIGIAN) 
VALUES ('NV8184', 'DA0006', to_date('11/04/2017', 'MM/DD/RRRR'));

INSERT INTO PHANCONG (MANV, MADA, THOIGIAN) 
VALUES ('NV8240', 'DA0001', to_date('05/26/2017', 'MM/DD/RRRR'));

INSERT INTO PHANCONG (MANV, MADA, THOIGIAN) 
VALUES ('NV8240', 'DA0004', to_date('03/10/2011', 'MM/DD/RRRR'));

INSERT INTO PHANCONG (MANV, MADA, THOIGIAN) 
VALUES ('NV8272', 'DA0007', to_date('08/20/2009', 'MM/DD/RRRR'));

INSERT INTO PHANCONG (MANV, MADA, THOIGIAN) 
VALUES ('NV8281', 'DA0008', to_date('08/23/2022', 'MM/DD/RRRR'));

INSERT INTO PHANCONG (MANV, MADA, THOIGIAN) 
VALUES ('NV8370', 'DA0004', to_date('03/06/2008', 'MM/DD/RRRR'));

INSERT INTO PHANCONG (MANV, MADA, THOIGIAN) 
VALUES ('NV8388', 'DA0002', to_date('03/24/2011', 'MM/DD/RRRR'));

INSERT INTO PHANCONG (MANV, MADA, THOIGIAN) 
VALUES ('NV8388', 'DA0008', to_date('12/24/2014', 'MM/DD/RRRR'));

INSERT INTO PHANCONG (MANV, MADA, THOIGIAN) 
VALUES ('NV8406', 'DA0001', to_date('02/22/2014', 'MM/DD/RRRR'));

INSERT INTO PHANCONG (MANV, MADA, THOIGIAN) 
VALUES ('NV8417', 'DA0001', to_date('03/07/2005', 'MM/DD/RRRR'));

INSERT INTO PHANCONG (MANV, MADA, THOIGIAN) 
VALUES ('NV8442', 'DA0003', to_date('11/26/2016', 'MM/DD/RRRR'));

INSERT INTO PHANCONG (MANV, MADA, THOIGIAN) 
VALUES ('NV8507', 'DA0007', to_date('08/19/2007', 'MM/DD/RRRR'));

INSERT INTO PHANCONG (MANV, MADA, THOIGIAN) 
VALUES ('NV8540', 'DA0002', to_date('11/11/2021', 'MM/DD/RRRR'));

INSERT INTO PHANCONG (MANV, MADA, THOIGIAN) 
VALUES ('NV8587', 'DA0007', to_date('01/13/2017', 'MM/DD/RRRR'));

INSERT INTO PHANCONG (MANV, MADA, THOIGIAN) 
VALUES ('NV8627', 'DA0004', to_date('01/31/2013', 'MM/DD/RRRR'));

INSERT INTO PHANCONG (MANV, MADA, THOIGIAN) 
VALUES ('NV8640', 'DA0004', to_date('12/26/2016', 'MM/DD/RRRR'));

INSERT INTO PHANCONG (MANV, MADA, THOIGIAN) 
VALUES ('NV8640', 'DA0008', to_date('12/30/2018', 'MM/DD/RRRR'));

INSERT INTO PHANCONG (MANV, MADA, THOIGIAN) 
VALUES ('NV8650', 'DA0002', to_date('05/27/2021', 'MM/DD/RRRR'));

INSERT INTO PHANCONG (MANV, MADA, THOIGIAN) 
VALUES ('NV8650', 'DA0004', to_date('09/23/2016', 'MM/DD/RRRR'));

INSERT INTO PHANCONG (MANV, MADA, THOIGIAN) 
VALUES ('NV8697', 'DA0001', to_date('10/18/2006', 'MM/DD/RRRR'));

INSERT INTO PHANCONG (MANV, MADA, THOIGIAN) 
VALUES ('NV8736', 'DA0007', to_date('05/18/2018', 'MM/DD/RRRR'));

INSERT INTO PHANCONG (MANV, MADA, THOIGIAN) 
VALUES ('NV8763', 'DA0005', to_date('03/11/2018', 'MM/DD/RRRR'));

INSERT INTO PHANCONG (MANV, MADA, THOIGIAN) 
VALUES ('NV8772', 'DA0007', to_date('06/28/2021', 'MM/DD/RRRR'));

INSERT INTO PHANCONG (MANV, MADA, THOIGIAN) 
VALUES ('NV8858', 'DA0008', to_date('10/24/2012', 'MM/DD/RRRR'));

INSERT INTO PHANCONG (MANV, MADA, THOIGIAN) 
VALUES ('NV8897', 'DA0007', to_date('04/07/2021', 'MM/DD/RRRR'));

INSERT INTO PHANCONG (MANV, MADA, THOIGIAN) 
VALUES ('NV8955', 'DA0001', to_date('12/31/2005', 'MM/DD/RRRR'));

INSERT INTO PHANCONG (MANV, MADA, THOIGIAN) 
VALUES ('NV8955', 'DA0003', to_date('07/08/2022', 'MM/DD/RRRR'));

INSERT INTO PHANCONG (MANV, MADA, THOIGIAN) 
VALUES ('NV9046', 'DA0002', to_date('02/01/2015', 'MM/DD/RRRR'));

INSERT INTO PHANCONG (MANV, MADA, THOIGIAN) 
VALUES ('NV9144', 'DA0005', to_date('01/11/2007', 'MM/DD/RRRR'));

INSERT INTO PHANCONG (MANV, MADA, THOIGIAN) 
VALUES ('NV9148', 'DA0006', to_date('02/08/2011', 'MM/DD/RRRR'));

INSERT INTO PHANCONG (MANV, MADA, THOIGIAN) 
VALUES ('NV9188', 'DA0002', to_date('10/06/2019', 'MM/DD/RRRR'));

INSERT INTO PHANCONG (MANV, MADA, THOIGIAN) 
VALUES ('NV9265', 'DA0003', to_date('10/20/2009', 'MM/DD/RRRR'));

INSERT INTO PHANCONG (MANV, MADA, THOIGIAN) 
VALUES ('NV9449', 'DA0004', to_date('06/09/2010', 'MM/DD/RRRR'));

INSERT INTO PHANCONG (MANV, MADA, THOIGIAN) 
VALUES ('NV9462', 'DA0007', to_date('04/01/2020', 'MM/DD/RRRR'));

INSERT INTO PHANCONG (MANV, MADA, THOIGIAN) 
VALUES ('NV9501', 'DA0001', to_date('09/02/2014', 'MM/DD/RRRR'));

INSERT INTO PHANCONG (MANV, MADA, THOIGIAN) 
VALUES ('NV9519', 'DA0005', to_date('10/07/2010', 'MM/DD/RRRR'));

INSERT INTO PHANCONG (MANV, MADA, THOIGIAN) 
VALUES ('NV9519', 'DA0007', to_date('05/01/2005', 'MM/DD/RRRR'));

INSERT INTO PHANCONG (MANV, MADA, THOIGIAN) 
VALUES ('NV9525', 'DA0004', to_date('11/16/2015', 'MM/DD/RRRR'));

INSERT INTO PHANCONG (MANV, MADA, THOIGIAN) 
VALUES ('NV9525', 'DA0008', to_date('01/29/2014', 'MM/DD/RRRR'));

INSERT INTO PHANCONG (MANV, MADA, THOIGIAN) 
VALUES ('NV9656', 'DA0006', to_date('03/04/2010', 'MM/DD/RRRR'));

INSERT INTO PHANCONG (MANV, MADA, THOIGIAN) 
VALUES ('NV9656', 'DA0008', to_date('09/18/2017', 'MM/DD/RRRR'));

INSERT INTO PHANCONG (MANV, MADA, THOIGIAN) 
VALUES ('NV9800', 'DA0002', to_date('11/10/2009', 'MM/DD/RRRR'));

INSERT INTO PHANCONG (MANV, MADA, THOIGIAN) 
VALUES ('NV9967', 'DA0005', to_date('07/20/2005', 'MM/DD/RRRR'));

INSERT INTO PHANCONG (MANV, MADA, THOIGIAN) 
VALUES ('NV9967', 'DA0007', to_date('07/30/2022', 'MM/DD/RRRR'));
